id16, interval
6818012426145688, 15
0450937354034775, 34
0302981361534562, 2
2555294335095155, 5
7747923041329769, 17
2119662521692365, 6
9710472636673874, 5
3624154507372773, 26
4606889672534664, 24
8985849673523090, 1
3321266808946310, 10
8388799867127807, 14
3797888840766030, 21
3043201410419314, 3
2751462488379930, 3
2828871234344046, 2
2405551882781242, 14
2806589103606161, 21
6691112804102021, 11
3295763152839405, 22
3665345698330254, 0
4585381644363428, 0
2163810633188295, 8
4559437923474196, 17
5407786629089285, 33
6468971114914144, 9
9646476961134419, 7
2867391670971129, 1
9135200418009901, 3
3832279972927604, 17
9805416393273370, 22
1805292147417542, 0
8680496596861211, 10
7688192965924192, 20
1586141465559053, 0
9585893566544311, 29
0074635977876607, 24
4746842392238066, 9
3842626857233324, 16
4666402972078090, 14
2292454946814918, 10
6269936693101874, 15
6310924501646771, 9
2781472943213601, 18
5903456476036204, 18
2100304138710903, 36
5517912617374606, 16
2628902577379302, 0
6147271842111885, 16
1663917730062027, 6
2990716660409944, 1
6132617282976956, 12
4922849102516924, 2
5053583363783911, 8
1251321669157799, 10
5147529830646875, 6
4387065706686402, 27
0089315116196699, 4
4682554916795339, 4
3100285861146016, 14
0280135205568933, 18
9188130548410891, 2
3432266972877767, 13
8031377932900248, 7
8404169310653608, 4
2759073114468670, 3
4595037205518680, 10
9467821670419268, 8
4786154799567952, 0
1859810558116994, 4
7737931281360346, 6
8283960985370963, 5
5522005516429477, 9
0387311150154137, 6
4660096671465440, 20
0517271370281077, 3
1710286275396858, 3
1310558353123248, 6
4425351558346267, 7
4452075001099749, 2
1784440856686775, 14
1959408290546217, 3
2421173353026928, 2
1461760661483683, 8
4971426791731447, 10
1305995640333184, 7
9031045464982359, 18
3521561406196708, 9
7904226507416854, 2
7650133825493813, 14
6523332944786091, 18
3329660012868284, 9
1077362550371894, 28
9513144319502175, 3
5636463588776882, 7
2264339426864911, 11
5335420723422886, 11
3357183778393577, 2
3448573486746375, 23
1112255828947803, 13
0430023943323514, 19
3312404055951646, 3
9036475583820785, 3
5604521988646530, 9
6547242744539516, 5
6972138085174061, 12
2552169797057771, 4
7091015636092740, 16
9297030914268422, 31
6558952854074161, 6
0353427975505269, 15
2075613027021316, 22
8664385553515842, 4
8458068848632264, 10
0906514664308419, 6
3021078142448985, 6
5076400278943852, 8
7330718549438983, 7
2043932840117404, 4
2521360919711933, 22
3543012935264915, 7
8310606506676864, 11
5065825404254468, 7
2801631081043270, 20
2288812525295539, 14
3730900467462135, 8
2591610193764316, 2
9663104101654271, 6
0551336831444331, 2
8989595630634649, 21
2657244545865489, 12
0827893111042699, 3
1663365456539673, 10
4863717134696267, 2
7701960485077847, 6
2524865886401407, 12
7892624947815729, 13
6081257351546047, 1
7717325077742830, 4
4631002692184169, 5
4225620220405550, 12
2403390115972345, 5
2306447475032931, 2
0964367025411471, 9
3506350682772437, 35
6123626106261958, 2
1084654549585482, 9
3710175622596413, 18
0673762374815993, 18
7694038830640167, 2
0427103667687577, 9
3362896209791577, 7
0020409799134790, 7
1084484827934141, 21
1901170463141361, 2
5707205695088567, 6
5143109907448539, 9
7146095720621925, 15
8188066843033561, 2
9812281879332304, 5
2399120244268174, 2
1049207414923116, 7
7641170265582884, 9
0196895425207525, 8
1032517586232023, 8
2294602229519458, 2
1003555272332792, 6
6886467473978108, 16
4960466120713243, 2
0978941904008636, 16
5102143522862311, 7
2500487755606951, 10
5162015717111042, 2
9999733424789050, 6
1818529453459251, 7
9496325910492612, 14
3187491345404438, 2
4149901307578307, 2
8407361148875253, 11
5029852754162271, 3
8911344289557965, 16
1778700728751208, 3
8918020972394590, 11
6414767308779045, 2
8637842729849089, 4
3320282857515131, 10
9482505647104898, 7
2802999436488138, 10
1940548098031798, 6
3366259135350830, 11
3013640058442152, 6
5950836501720915, 3
3519380803739395, 6
5490416588107422, 3
4658996761755732, 9
1065214321071418, 28
4889326438502457, 2
6096277207337997, 10
6219010579165633, 8
1178869575905526, 2
6722813997689786, 23
0841456750330864, 7
6160576219763423, 6
7535029901615014, 7
9919932195322006, 19
6949038971939847, 11
8906770743620827, 2
7532198015933000, 6
9515083098527369, 6
0098820115397971, 2
6395424430994260, 13
3435977582574621, 16
6757623939242803, 28
7722538544959705, 8
8440681909991004, 5
5933444737764967, 20
6697012971744731, 11
9954987349660667, 11
9478249513404350, 12
6288881277558283, 4
5490420020353667, 7
4747964359514491, 2
3219352842527946, 2
6298676679523246, 2
1910300157852169, 2
9711614709394548, 6
6737184006683111, 18
0518380003682699, 31
0258612265619726, 19
2334530978034205, 6
2189821668150865, 8
2631610079464320, 7
7632110751070299, 4
1625164543906424, 9
4196497919136229, 14
1143692356460921, 13
0541781986092433, 9
9128328286908246, 8
0090804012365040, 5
0100900666337016, 7
3237941852114909, 9
1816469354724183, 10
5481355832257570, 30
8074140112961583, 7
2334330311406818, 10
3188878343231614, 2
8521588947381085, 7
0939890227030132, 14
6947094106086321, 6
9949638217156406, 2
4296719578633963, 14
8696789481546418, 2
1932778477283611, 6
1665502227254726, 3
8980181674484723, 20
8475950677305143, 4
2043957360326815, 7
4512891114205294, 5
7084273084498112, 11
4265377547444219, 18
8072429226472584, 2
2459375682937699, 11
3045699353201949, 3
5404943814222589, 19
8354338109436302, 3
0623440043568856, 7
9021723203921809, 11
1670758318835776, 14
8013863352635494, 8
6324790827842684, 4
5057429709988793, 4
5519055689277401, 10
7818501776379241, 18
6502797069607275, 9
7888943912007608, 24
2495148628056349, 7
0704796694712785, 3
4375232042467360, 3
1690074472297033, 8
1247530630411090, 3
2966171629279069, 4
6649977294511909, 2
9779985052180640, 2
5794119392714925, 14
6479505422294498, 7
2447428113787389, 16
9825086157764464, 4
0216250252557428, 10
5913360680321414, 2
0483602747631661, 12
1575515014882260, 6
8951163088992771, 2
7471346175528189, 6
2701388610299929, 8
7144714344035087, 3
7460030190738886, 2
8358341726243020, 6
0947068142266410, 14
5346328957613093, 14
2684148758699593, 12
9033773040322173, 4
9382028948438512, 4
1031023823121360, 7
0037079253908368, 3
2903556685487992, 16
9603741951259577, 10
4511576573949347, 3
0641067483945380, 3
8062245626803864, 20
6000312315728879, 4
4532827366706566, 10
6517041100201956, 5
8329805306861328, 15
6591126589854656, 8
0977189636155186, 5
8185978844335397, 6
1964254017976193, 6
1405422535034318, 14
0914909174927158, 5
4175376265063250, 16
0227586508048546, 25
0764209359451049, 12
7195821721383755, 12
7290693650074264, 3
6937554539459459, 7
2536867665189969, 7
5655205350391160, 12
8066818091120178, 9
4386486992919950, 10
4381538017805856, 16
8105423306413297, 12
6339274042588050, 5
0476389048119967, 5
0353068309348963, 6
3965831154713275, 24
3271153840209878, 23
1943713096006841, 9
1420130137877156, 7
4458409544983212, 4
3788365740475306, 12
3972388227275715, 19
4679570582734164, 23
2046906498524652, 23
3570571624266653, 14
1294243990472127, 6
8153353450323432, 14
9687737255204421, 5
0847332979201113, 12
9070218084839344, 5
9254820139596692, 18
0165963405190331, 4
2599022293404559, 7
8861180098080388, 5
5732839311026006, 13
4604517770104145, 4
5157626009483198, 11
5467040435246341, 4
8201789353823681, 8
7095963354587177, 14
5730572517284307, 6
0627074662947073, 4
4951199581194710, 3
7476728230432399, 16
2782164252734586, 4
3652915478113832, 8
7441375272877530, 27
7154209097486158, 3
9764895502147636, 6
0652935816170371, 11
6622259431360056, 23
8847444998152447, 11
7741481718781198, 5
6762701841516020, 5
0038246950643543, 5
5082040171132147, 7
3724800521227436, 5
9541043678570210, 11
7864845374871073, 16
7450363450618233, 12
4201864045105091, 3
3292119596967885, 13
9450460842293932, 0
4491409163685677, 4
8258852785816571, 24
8001209726245510, 7
3160622889968282, 9
6988575983301662, 11
3424967077020409, 5
9429001283729460, 8
7313919132561696, 39
9138152790302002, 17
0772763475537005, 18
9036452537021016, 2
4291057837136509, 7
2675529162244371, 11
8564509581986233, 14
2677617920137190, 5
8084779695644421, 5
8442186808915345, 2
9218217176049553, 4
5292904874167620, 9
6563820088149165, 26
5268694026791164, 6
6304386545841496, 14
7674875576915670, 7
2999262979058355, 7
4102044100700526, 15
3122186027481205, 22
0052252490653096, 4
1469514964648933, 10
2957078821185186, 10
9738018830277553, 7
1411330638854386, 10
6419529148801585, 3
5308075245907531, 3
5010319685764353, 9
2193553794067559, 9
9917607317056245, 6
7564797537404846, 18
2283346678253603, 2
8961829808107173, 14
5547684975253480, 2
0973606367930188, 6
6099294952237430, 3
6927324051635364, 2
3879260267155490, 3
6448369880513900, 9
0175160356213448, 1
1406599028052070, 1
6576844062443944, 3
9989347822080478, 1
2700607067214813, 2
9050961810362765, 4
5653321519148702, 8
2839693325111308, 1
9742714419195098, 11
6516064880031804, 7
7022519480996266, 2
0486720334708897, 2
7998291089347864, 37
3998822051935547, 4
5166233482372154, 10
2302333181718457, 2
2186516328118950, 15
7618104633694611, 10
7672924669052500, 11
6295483796144260, 2
1590867287779709, 8
3142266654701014, 2
5233541101552513, 1
6591437268361649, 19
4001557394394835, 15
9022920632122954, 1
3334660549386178, 7
4013425804491434, 7
6333992345121236, 2
0449856843236633, 9
5465083028671054, 8
3507094885185876, 10
1422795875369677, 8
9132553601896172, 3
5492636571171799, 21
4476034758865533, 7
9553871594940016, 4
1553821997454867, 11
0497962402905395, 10
2127977378700736, 11
1158425228495637, 8
4424507156349662, 7
7096822873615763, 1
6200166537505095, 2
2755242709624416, 7
1098108871789832, 6
6580934910020175, 3
3375820520097005, 8
2230699314456127, 8
5086543384875987, 2
2314458300437349, 9
7971629945940912, 21
0353003365121372, 10
2288337241524904, 8
8614123095564059, 7
2006010672842431, 1
8261873316657610, 6
2989577237395688, 4
5011275195005548, 17
3335150347641818, 7
8787644375265862, 21
5030383787014962, 2
4570230133800020, 2
4391548206640240, 5
6745728485455228, 1
2926037926603643, 5
2477743442719896, 7
0157747115875716, 2
3257963511937302, 22
4284404455855983, 10
0798581687684229, 9
2471390045435317, 2
3079049132666679, 12
2631783432021093, 3
8540938164330840, 5
9645076669076069, 6
8652338930029697, 9
9197019775809808, 5
8368280015491186, 6
6176482316661283, 7
2772229917169523, 7
5628609385914930, 6
0887042422140941, 4
3702309361932497, 8
1766531760054416, 5
1177958480426811, 5
7856575452724939, 5
9898754090877690, 14
0520534250904171, 25
7894439679806949, 7
2026363330330141, 24
7768777175752251, 5
1781294086365893, 8
3603973594786709, 10
9350754549154797, 4
9804399644902582, 6
6662731941750360, 5
6394500676319287, 5
8751091887258250, 7
2265406767366424, 6
6616283627544820, 4
8063055947215517, 10
9400175359425671, 2
0751857724701488, 24
1029909107962032, 12
7344494101554379, 21
0477415653890515, 3
0061972656195816, 10
4063107078896386, 11
2965435356837499, 44
0688569557418550, 4
4044119153818607, 5
1576369229676232, 12
4558650700797542, 21
6512345149334534, 9
6445366304213227, 8
4388598063058357, 22
3699310377946863, 3
4996734160632011, 9
3970353523638320, 10
5255933074588743, 10
9922206888329462, 12
0266683201942979, 2
4816066428503371, 14
9830532822625339, 11
4900105685927327, 9
3738350751809672, 11
7114305375494845, 22
9578560037101501, 14
6939312723826719, 6
2673253195024045, 16
4016952048250802, 12
7155249367394645, 24
3736141885396136, 6
6555763832334251, 2
5743802733027957, 12
2085775274765454, 13
2665745747997996, 24
8621373155847763, 14
4743117509008232, 6
9159442990404228, 18
8177172720399331, 7
5931486222322063, 6
2624790604854878, 6
2848434655240126, 22
5767504965789015, 0
1139117389364826, 4
4565133163503542, 11
1945870478294512, 5
9245405487222510, 37
0121217094224348, 1
5017223889943755, 19
1017005954117580, 14
5820733922984394, 11
9530765406836781, 8
0462797432013994, 5
3217445016544350, 1
5427221669223755, 17
3742618889651017, 3
1863556911259481, 0
9074714337242160, 29
6164481589023465, 7
7376759883822870, 4
0269081472949456, 1
5977724520863805, 10
4492622519529046, 11
6122113407106732, 3
0678259319786012, 3
0988373301929257, 26
5208119612907937, 10
6731074833431480, 22
2857914034975132, 7
2259161394296351, 3
3536721807622509, 24
6271817014515264, 19
8449665526995073, 20
3291174442172159, 9
3492672646750915, 13
5645659189161082, 12
9940890265804848, 5
9099880331000651, 4
5694027256961570, 23
8592148984436988, 3
1759823156276114, 5
2846417844297257, 7
2833616594504400, 5
8431983330145240, 11
8170311591634296, 29
1682352340908849, 3
6590173688826412, 5
8597627590242183, 21
8375309081976653, 35
6506349461840284, 14
8276153667479218, 14
3134900135757350, 18
8656411783393149, 12
7881527576747420, 8
5684025553380264, 9
4606776068807818, 22
5664558410139621, 13
7249787411758916, 9
0515073935343884, 16
1349279406406034, 4
0261144333411368, 12
0556406407906770, 7
4000346932291238, 15
9910619643484088, 6
9818736097246987, 13
0420074069856687, 15
9856903036709807, 3
7931951730960105, 19
1348050253250794, 36
6277416506340854, 26
4915785840339022, 6
6008548846422012, 15
3785730549168231, 28
5968244801228229, 10
3237408187588619, 0
4702559848947712, 9
8067601296662227, 13
6949607022895137, 3
2213329401529528, 9
8866733555012115, 12
7113043988434353, 10
0169366841252575, 16
8017235221084348, 12
9955818501759983, 11
8017000682880897, 32
7903975936090098, 12
1384806878580202, 12
9689233324435409, 0
9180214329488427, 10
0155109382883894, 9
3449579304678308, 28
6503316409346170, 32
3599603278609656, 2
3958800837938663, 20
7125503094251510, 7
4054473102889474, 22
4098963896839242, 15
0588851948355690, 31
5403567846853446, 8
3399245674893240, 8
9420015786163927, 14
9682855541881561, 6
8913572443645786, 6
6189460816322976, 6
1307617859068869, 8
3424321835191082, 11
7427818914969540, 5
0759850999178056, 11
9057685532761745, 14
8536113635924828, 7
5205404375221363, 9
2778105126670170, 6
9506893345413763, 19
5329655409141907, 17
7674735761905315, 3
1566256597579421, 24
6075937398852453, 15
3375354474276488, 7
1346461670550428, 5
6802554363506768, 28
5213999400032117, 9
8319229555482623, 18
0889393786079735, 5
4603818882799252, 20
4890053336024335, 13
2229854354028312, 24
2650299863314215, 19
8802586857739509, 2
3245669501730391, 6
5111580514533695, 9
7502194260974200, 11
4128313818136391, 10
4974658214256504, 5
2207951809580680, 9
5431865281906691, 23
4486127196489489, 12
2551324582363029, 3
4137608617042010, 1
7191237181464493, 17
0357820757162104, 15
2191634419722212, 11
4175146698148653, 18
2422752868108733, 2
3095476221124037, 16
5841164054583316, 11
7062737283333899, 4
1803233392625209, 9
1546015020200839, 19
6935053666400454, 12
4109929118508186, 15
8733064196271573, 34
3419662197094948, 16
4515771112218922, 39
8397886758500295, 10
7154277354966576, 6
8775575994924463, 3
8851501715085501, 19
7353787320699470, 11
3486856344833098, 6
8571246222067189, 25
6380901014170084, 5
8076605314458753, 12
7483160542134835, 1
7620788810158889, 9
0541895824668657, 11
7898407652673785, 13
7765368102560273, 13
5057010776805887, 5
3901304302008261, 26
4079558566972555, 21
3849006170675101, 2
3649831123530839, 13
8531108709147659, 20
9124360951087966, 5
2060402697060392, 33
0385119387204708, 11
3020611813765397, 1
1019655514882298, 13
7004656274084250, 3
9708884263028326, 6
7377821380495648, 7
9526876914465329, 9
4269108456777558, 32
1878592243824883, 3
9831051395746672, 5
0011752654491395, 19
7970751657252708, 16
3503350148908588, 4
7720180707568679, 4
3030762474451086, 19
3370280216014658, 34
0510655671197805, 11
2180824767181838, 15
7212695379299258, 35
0266255803737965, 23
1775310193386015, 13
2875642478663594, 16
7893225908353541, 7
0276583403489241, 20
8217090542851967, 29
7836545332605210, 16
8568214864466840, 14
8729991328006543, 25
5292922022431911, 28
1766444293650539, 5
6954928858337519, 19
8341264427082227, 22
9062570948087256, 29
9405886876270419, 3
1291861984303948, 27
8432421463410679, 19
3437428512727801, 9
1905122040245593, 2
2792811983047139, 41
8943448273692386, 6
5866981114947883, 11
3955709227280586, 30
4942977812277454, 32
5804027624549640, 9
1562486460543769, 3
2663055004779565, 2
7518232018835272, 21
4435317594729478, 3
4656465145837873, 15
9159712062803014, 11
1248964939945120, 24
7625795408417124, 11
6847593613207317, 20
9570780507156048, 4
6820774159857867, 5
7964380652058740, 16
8722164006245580, 32
7788831221287587, 39
9105047762919581, 29
2595073313574176, 18
2988208899730937, 24
6812649469642322, 21
1261105525454713, 20
0894690311392249, 22
0310250742582348, 6
7979645059151855, 31
5382690864755190, 12
6447371680399029, 27
0470897981908549, 17
7463185969200419, 16
9002023688669278, 15
5527559734216265, 25
1193370786873409, 23
2123038879875164, 32
1210499203186406, 10
4796921913434370, 13
1440231610252553, 29
2595424384661089, 33
3207155660165360, 22
3953746933533812, 29
2956322504577258, 19
4997162516495710, 22
8770723615456809, 24
4798409449849656, 26
9200533791228786, 25
2660002882989527, 26
9859737944357808, 23
2501389883551082, 31
9800086018747958, 30
6712587814121935, 29
1980843990061347, 22
8428762429804369, 17
8102854014364848, 12
6319109247675662, 32
4065779842533056, 17
2492316971242051, 28
2955796151289221, 14
0971058514658582, 38
4491896017135103, 24
7998981974204296, 10
0719922500480995, 37
5480431457277580, 7
6491727551230471, 1
3126004987978916, 34
3445157846899104, 15
3519989612857544, 16
9001752376974127, 26
3606127474730178, 34
3535659009615849, 42
7081437364430039, 16
6157043101441814, 26
0725700398502101, 31
9726667508039907, 31
9179177074813019, 35
0535077291835438, 19
3721943841389422, 28
4428878413197293, 26
3276012121928233, 23
4599430131495746, 11
1069731541677061, 24
8429640355689788, 31
9690570206221825, 15
9586130690270877, 32
0988293525697513, 24
7039869537639784, 23
6820380324092201, 25
2862702260415940, 16
9814671278428889, 10
5851667118797836, 35
0374906152658699, 10
6470669377878413, 19
4159353159721979, 12
1791257341670511, 20
9364060934459389, 35
3928757028805381, 15
0588494619940148, 24
6050765190622445, 34
5756685961892207, 14
1620596652889285, 26
6904357543865276, 32
5651324326989096, 21
3595700879001880, 25
2973724891568517, 22
4522964559655058, 36
8379358682656422, 44
7037629618209327, 18
6226637551556045, 9
9475048976726626, 29
1776057710652299, 11
3427254927936650, 26
2844974351441051, 14
3737683265025278, 26
3797637356834807, 17
9159348039113345, 21
8754407481718521, 21
0764850591308594, 12
9804923403746874, 16
5869205330172001, 20
5416767068643649, 14
8976612631694154, 26
7066595152679044, 11
6165918027344817, 11
0477960417689954, 22
5185490823564905, 17
1390870899723772, 20
4742321400577426, 13
4537693169855511, 35
5742401204172496, 11
4822219764211986, 41
0310288272699878, 31
5323020543858459, 20
7110799179116050, 22
3102767689374782, 20
9398953839662428, 28
5464365539060185, 21
5396900133380675, 40
0950366310938447, 20
5626018595035359, 21
5317708343061802, 21
2191777755990317, 20
9747411262863642, 32
0057571113012412, 15
0711337302058064, 14
6477591893781232, 24
0643870323205203, 16
4406982090577199, 19
7390536888473418, 34
3311554002336239, 26
1950931269413917, 20
9317869378701106, 18
6339779824013565, 20
1559121864705837, 35
4067248449924911, 27
5704664608275525, 26
6098454056703540, 20
3932576524338932, 29
5252998047538739, 20
8160106540121483, 20
9955570659830760, 29
2847621257203555, 22
1167412718709181, 6
3915774586321616, 11
1594792646053670, 19
4537568429427411, 3
3421931464648746, 11
0921086392370345, 17
4495442593578252, 8
7144041143118933, 14
6836812953733152, 6
2778715880817645, 3
3630962611426753, 14
0228531403374909, 8
0256083502342561, 3
8666469656452476, 2
0369556599429604, 8
8544913216988947, 4
2008912122221842, 20
4785447162855406, 4
1127684444264230, 12
4671458916744813, 12
6517626637353707, 27
7034129401806588, 2
1809333307500240, 5
7492743678729007, 6
1669854001841810, 13
5761346439121190, 21
0706309675994704, 7
5296891186352614, 23
0166832451476050, 18
1713307860580722, 10
9930224462208872, 15
0379700605382682, 13
1345012516268857, 6
2442031758430371, 6
9676566990095025, 17
7632549700442045, 10
5904028205759167, 3
5537306469320173, 10
1977123033361112, 6
8160259076101631, 8
1866677433794537, 18
6099153790836529, 14
3158829551542633, 6
0912036760087711, 15
3293172437440069, 12
9252017948133350, 7
7007072395471378, 4
5755736917673409, 10
1664833563437476, 4
0401695472102014, 17
1623529250017221, 14
1653572520984977, 11
8716990559512126, 5
0562413677452518, 10
5186715977058650, 14
5647306656080411, 7
5696156018342314, 4
1677474823590612, 13
9251775686128052, 8
6866049887225410, 6
2233564176441352, 9
8794613375951983, 5
8248285021197432, 22
9064674206262039, 2
8819118069017566, 2
5679422102387763, 13
9427609782986371, 3
9760073640184964, 8
7190295342140779, 16
6942532887710509, 10
7539238608953190, 2
8693029513718073, 3
4194421943622320, 3
2405356819478086, 9
1043051210942538, 13
0154050337153412, 2
4403946841364813, 13
5301120161428169, 16
8092801988782660, 6
3783383752435144, 8
2082598564827785, 7
1429249031782228, 4
7226910605592143, 2
4457970140382590, 11
2628634683851037, 21
1070191014031688, 10
2897196229122486, 8
2140201742810891, 18
5178616850200900, 3
5590243997239050, 3
5217977951806599, 6
2209756827937724, 6
4915918704362786, 42
0953877748626839, 17
4716140404222614, 3
9892918973224117, 3
1353527752019495, 7
1890506029027032, 8
4646593829236711, 9
3047648334080811, 9
9105827034671306, 18
1781532026120455, 8
1774611300713146, 2
7886145740852043, 1
5758375886419143, 8
0342592087499981, 8
5309582847502587, 7
5777397230467858, 11
4810843462148104, 9
0552424079648303, 17
4737984493494834, 4
6714385683554087, 9
2939458462753830, 8
3749494329725967, 3
6312099570682802, 25
6627174846075584, 11
5414350129115661, 7
1163359015397861, 6
9998364756956271, 5
0966458906547810, 7
0339049925825939, 4
4871600462051114, 4
8439977083829955, 5
9692322611319684, 15
4418687017386360, 4
0452640168928625, 22
1168922959801296, 4
4511409620995786, 3
0422743117151514, 25
2108616179074572, 10
3000945612440374, 9
0204571709680830, 17
3548907478859993, 3
1534390663556167, 7
7762305285883815, 4
7527203195576539, 2
6752825379349219, 4
2560106052820991, 4
2660416166017187, 14
6829518369917635, 8
6891348048852622, 2
6396359949800551, 5
2141158868960971, 2
6656433539493879, 7
6070534315077279, 6
5627928148105585, 3
2345990227231629, 4
7245226952314723, 7
5465037152716648, 7
0901604305832863, 21
2277520677069307, 2
2268798961371913, 7
2641031713459798, 10
8383230204620377, 5
6310330875239899, 10
3578084705758302, 7
5410580416665461, 9
8671745801940831, 2
3145792580729701, 2
2044574925088163, 5
9665400681066205, 8
0824241081564810, 3
1560435758961671, 6
1495502570221386, 6
4892666480832213, 20
7734716272173098, 9
6055131505316210, 16
7770654404514963, 8
7583641274043521, 6
6040403731259295, 6
7997560123447909, 2
4134965716282062, 7
6098085076386484, 11
6634832114025937, 22
7240493321137572, 15
9214015471227607, 4
6425400767189043, 17
3806183948438986, 6
7526041062021970, 8
9234537478410140, 9
5473476417303954, 3
8382415537628714, 26
8561299541656407, 22
0668590222231569, 16
6377657274398145, 7
2380268778692743, 2
3636019202615967, 21
5670120670428800, 13
9206015918346480, 5
6245881044122032, 6
7620648331740461, 3
2022098887470005, 5
1913614242849994, 13
3150103492877008, 6
7806402776698217, 7
8347245521292709, 2
1528473613662664, 2
3967372991649627, 7
6308312488816723, 4
9276225158348925, 37
6024021400472077, 2
7918612935659179, 21
5849551272024394, 7
9512402430880772, 15
4670448302340379, 7
3984834826470440, 3
4885236487950267, 0
5704031468979083, 8
1133653893267841, 6
0889099471989326, 10
9244132532446607, 11
2346186816725795, 11
4920408830425308, 17
5494536312278030, 13
7265620103394079, 4
1156239057830680, 5
9230002602986234, 21
5729735444048921, 10
4808112464870562, 5
3353825501038297, 6
5574605918484628, 15
6423466500564739, 10
4729615604294036, 3
5924114866857244, 6
0205117983630131, 4
7204239102184728, 7
4318844127529976, 5
8281633043632854, 2
9378885233754316, 3
1214050781850750, 15
1660245887620894, 5
9495702506223040, 3
2841662201180351, 29
0292996228753523, 2
1247840459525763, 10
9447755981910182, 1
5272578219668194, 16
0952102997417350, 2
5670252717194116, 7
7437410467757543, 11
3263430304081555, 7
2099159414052698, 25
2344279020855142, 18
2671563256140952, 3
0788577785761040, 8
8652193549825340, 3
6356334158372602, 11
5575158741241924, 8
6617153110078967, 6
5621196835928915, 3
3453598393806693, 7
0246614895218572, 6
3365959278989881, 4
9850832535115863, 15
7804764276633801, 7
2574207674636380, 10
6894406506982056, 2
6874455981403163, 2
0357556525507074, 12
1740657402604541, 18
5990404404177501, 2
2044513229332794, 10
2361376681553091, 7
7897294691943587, 4
0430255108623706, 8
0805368383687896, 9
2602694352713051, 15
6444798527221795, 24
5071422558890521, 20
2442446457163398, 3
3345230490406087, 16
2310399826625350, 11
2722348612312302, 8
0931084473438677, 46
6572540900804048, 2
9929443255877611, 6
5567311577230727, 2
8307916799134917, 4
7253015864745935, 29
0426681300800596, 9
8844394134946061, 6
4860215667909029, 6
1220463697659446, 12
2019950121438508, 2
8348965057874390, 8
0776361973611904, 1
9802014664131126, 8
4649206396357044, 2
8631252568197177, 2
7135372108660429, 36
3104010388590983, 16
4499516485881242, 4
5007925824124733, 0
2099776593059500, 8
0479827648781223, 2
1843683720990222, 4
9461354496415047, 12
1595094302547967, 3
8238896287248115, 4
3103974745015506, 5
1917359676356798, 11
0573662728816861, 7
2933564034580455, 3
7217447322135053, 9
5114823778920885, 11
5874033254257779, 11
0454036856133323, 15
7282243679498643, 5
6269980207627282, 10
9301553684095224, 4
6724304213429326, 6
9826254150896096, 9
9811956554004395, 6
4834851489188447, 10
3213377106415933, 5
7126427628889736, 3
5605259129406642, 18
7471105320768159, 6
9667295076549924, 7
6184493974682663, 10
7429074055814868, 8
9156254620216391, 11
0622635664462350, 9
9556057818058898, 6
8150391736934401, 12
3582028585601108, 8
1109911056394043, 10
5905246081891439, 8
0124379583063191, 9
8557645619753191, 3
2136235162797125, 11
6262673963010890, 11
0031760919656414, 9
9025354874854897, 6
4941128584192341, 7
5619216191408137, 2
3003220698541328, 25
7728723060662114, 14
3059543699913697, 5
2143064338145473, 2
8007514308629256, 8
0610650239543567, 6
2652321067356086, 15
3183673657944589, 3
3224415431277683, 10
4683990722234980, 7
2441703621637545, 3
6107851924008207, 13
1732650926090976, 15
8895536429609181, 11
5195005955139074, 20
2416033399039390, 8
5875892175034680, 3
2171993314203162, 4
2515682843614982, 6
2879807114639623, 35
4826642580306424, 7
3521404357811514, 14
0862028445228751, 11
7055982923570114, 23
1324005921607998, 10
4484677582731682, 5
8278664817341548, 8
7000986716832441, 21
9654400061426746, 5
5501790900117128, 10
0858496742334845, 17
9370631862639733, 4
6379791516146335, 4
9019401213083216, 3
1575808930429580, 1
1154080332431618, 2
1286481384724358, 5
9242039824071917, 24
2566838305211068, 5
8132378278183126, 4
5495848346471691, 4
3361089610341375, 10
2420592009890279, 40
9097794370352973, 3
0569975652661092, 10
5393979081787556, 16
4251443655560947, 14
2593213831386017, 18
9609627060720730, 8
6496725278150381, 10
4829826411025501, 6
4539379072392371, 14
1145527851719695, 5
2653438112574162, 6
3404705422987511, 8
3032618801971599, 9
5492249984767659, 13
9586790409626243, 8
6682474243785466, 4
9490552414613458, 3
8570309886343417, 20
8706715264454430, 5
1778116553153191, 11
3871976057366394, 12
5523382677061265, 10
1716007561540069, 14
5578616920214277, 2
0416614425134935, 14
0285507288188585, 6
9333973035789746, 2
4180897374619388, 8
9945120657743055, 14
9773497905423492, 6
1424739784249826, 18
5268119002926564, 3
8761194480718194, 2
9971202585286967, 8
8080222583272953, 15
9173920673311853, 9
3341509403484554, 2
5051666054201085, 16
5921391990559005, 5
4095372291910570, 3
5388965130432483, 5
8572608215379447, 5
0300140555064144, 9
8615127367466231, 10
5405447352268355, 2
0190340159451011, 20
1680871525186718, 21
5939486589304636, 0
1313497098151734, 5
8492073994763872, 7
4853800483369975, 2
2158639506842052, 10
2019841306408693, 14
2627415957053194, 3
3716921665315795, 17
2204733820298316, 15
5744631937091254, 21
1372563603121493, 3
5466915298318577, 9
8968700569917962, 18
0828000552227472, 2
8288495742294343, 10
4625428809387213, 3
0137727203004910, 6
7023706342610746, 7
4437285515355236, 4
6549201267596480, 4
5722412463663652, 22
2064193183697012, 13
2511089229095412, 6
4216542239143600, 3
2586961264628265, 29
5817138745903052, 4
0176020585396338, 4
5994719960619638, 3
3883513684172599, 15
6579296721811637, 2
5366581028566122, 21
8350156742812383, 6
2749198523246572, 5
6667440528985761, 2
8986826181656822, 6
6068441497706130, 2
0432617620213212, 5
6049060631974805, 3
3326064380579514, 13
4202593181810444, 3
9625195382275378, 4
3772927258951858, 14
8086503164176582, 18
8513357958555935, 25
0746617391615222, 7
8539664594837249, 10
0155989669357498, 9
6775379524472310, 7
2731074240304737, 9
7242809620740722, 3
8256558734275896, 8
7664296743388180, 4
0650958184371272, 14
1609333755086008, 8
0537790248533970, 7
4043446904949169, 6
8692508307035264, 5
0028737125113983, 22
7853542330444589, 4
1997808096936784, 9
1581601666747154, 10
8269224635001363, 16
2908921158400085, 6
8985268237852917, 10
4321982079895528, 6
9925612811540243, 14
9922706294578800, 3
2302900936751498, 16
7917617550689274, 4
5333253248778136, 14
1763922918989996, 4
8301114224654184, 8
1057936216092933, 27
3886983923027480, 8
2458007865506934, 8
6849675995639431, 14
9889171052892454, 21
4761852958348800, 9
9529571079038421, 33
6689457074409698, 12
5321448667063597, 2
6072986695218717, 9
9931829675073133, 3
5893830039262141, 2
7859887321277734, 11
8157983193690537, 11
5265407703828205, 15
8084366904484925, 5
2822918340798434, 7
8188529271731817, 16
4223984842513171, 44
4434732790919378, 21
0332202889630507, 20
5986826931551383, 2
6943102738883264, 9
8487462626931877, 4
2435226759763775, 5
9336984736808060, 8
7842257570162042, 15
7108245336327043, 8
8295180162969345, 33
1346547036069954, 3
1329921781065660, 2
4890317220460464, 11
2990306431076606, 29
7717849671434712, 3
8025201749244426, 12
4310920023675660, 10
5855243848367851, 11
1507294253911397, 6
3375674752599222, 16
0567931971223986, 6
9151119377173425, 10
3472801221490632, 7
2556998030577297, 4
9612149421383551, 10
8305853165636625, 8
9550251529671742, 7
7023986437702512, 5
8523048386991279, 16
8163849451440263, 2
6373935696408463, 5
1411156123181917, 14
4327589164955873, 3
0459773286137839, 8
6909749032793989, 13
5601704849893080, 7
2964542703674339, 9
3181974175500908, 12
9941277596080629, 6
4286111726439732, 15
4924386170841476, 6
8802521304626360, 11
1937795556101203, 6
4180622055340653, 6
6759610800922658, 2
8103614000337169, 6
3171011043264258, 1
2311578839187713, 2
3092823408256365, 12
3872808576179935, 5
3980744613450842, 2
4142098307694520, 4
0215922138575024, 3
1374623103823148, 5
6654453617046447, 8
6452672613600277, 20
1353093438681244, 3
6539261486388368, 18
4430477259659177, 3
6609915361240040, 6
8681619250791832, 10
9805061851167083, 5
6444824364259285, 14
7643087242351808, 4
8302159085079133, 2
7849632032965110, 3
7780769246876333, 4
2556582907100666, 6
2918947925459121, 27
9559257415045827, 6
7544815481177473, 4
8277534693509817, 13
9839206328822509, 22
3425046136016757, 2
7759578034336382, 3
7061747933713446, 8
3393118132304687, 22
2462958511458264, 3
8764882695376328, 8
6880882462544564, 9
4577729860942705, 10
5611159987021203, 12
1074333087972192, 3
4594110260020815, 19
8632504024617088, 3
3887540736460812, 3
3442596287246765, 3
5061456215156074, 8
0999369082756690, 13
0756373063566786, 2
3834654753531245, 20
6802417252204674, 10
3138002365101425, 10
0258571885050305, 13
3365253515263353, 2
2907486902398519, 7
7557414306000695, 6
7012766554811250, 13
9565424852541262, 11
6658650497110299, 8
5449040353735198, 2
4261355673061061, 13
3886021819751016, 7
7268194753103802, 8
1719216576678545, 7
4804354008869203, 10
1647649178542190, 2
4113688980858012, 8
9236460697553047, 8
6989265742320803, 6
8775944824623584, 9
6539919896695438, 3
9535192300570070, 8
5957797907914403, 3
9474998673949693, 6
3604856885451502, 2
7982929080869298, 3
9317499005247273, 4
5525143805509107, 15
6993507870608075, 2
6652079760634274, 13
0936808807371066, 15
9398487439130303, 11
4724517965950130, 29
0599789112099353, 6
0691675737211775, 3
3748531438171269, 13
6182805693097000, 4
5767259484611681, 24
0386305378988972, 9
2683209038171978, 11
1769596847124915, 11
1212068631918217, 4
3510438864564551, 14
9594834790186708, 17
5407929711890790, 0
4569589440127271, 6
3757538459775306, 9
5642198918339765, 6
7635472458488140, 14
7549395284137638, 4
2309762204274466, 4
8410643088391487, 2
2088561016038187, 2
6698036917903845, 2
9037588705718569, 15
8329010880453672, 2
2127736920624971, 3
1601481697363454, 30
2190281257955435, 14
1937005354598601, 5
3160380778619515, 15
0294198422102727, 17
2534609269191113, 16
3939504645911140, 15
9722502037716834, 11
2677192378697446, 6
6828194048897187, 17
5922933119556718, 6
4551331119710458, 8
5880469084444002, 4
7099558738073443, 11
3350166863853054, 1
7412136397345773, 2
0550285979058812, 26
6613663062651148, 6
8203765080588107, 5
8751983091735781, 17
7034917372221314, 4
5537230292280079, 4
0727670470671835, 6
9961097532994636, 6
1220264550229574, 6
3454564839423365, 11
4753860298637226, 31
7925653933418283, 15
8683852109548456, 8
2235017182953244, 11
5241981099421085, 9
5677088846302633, 3
0921872865894261, 15
7456977802429657, 13
7965914612778219, 4
3100293015665559, 6
4086264273539904, 12
0135861275535490, 10
2273777296364151, 4
5385241752235910, 4
7822450841143801, 12
9200006064527683, 5
3218450564801564, 4
5652100307143041, 2
5662623397801990, 10
6801270542810402, 7
2976504196036549, 23
3856938544800225, 4
9600588803539196, 24
2167026815539670, 3
1974874209295597, 9
3638659317775453, 15
0654863393626135, 16
2572086433612054, 32
4805781166768151, 2
8780348666074054, 17
1611978161888911, 3
9460668550861321, 6
4801246496653057, 3
3252080904139732, 25
2585778276064520, 6
3627961063335220, 40
0535229538627539, 3
3042713177401590, 25
8490341940572475, 5
4661651007645294, 28
2974076323837067, 5
7340334038370212, 35
2441472945859468, 4
5523293886612004, 2
6019721138224563, 9
5169112494177742, 7
9237911847876411, 10
1007392320101957, 7
6674354483894542, 23
4833370136443230, 3
6759751941912747, 11
1186603380091130, 23
8008328599832726, 22
5036503064183127, 3
0812507610373175, 24
6779397221428818, 15
7429479577694705, 4
5322338751657865, 3
8892476303757818, 7
8813809602087639, 6
0953176829434616, 20
5898311625525147, 2
6535959769189217, 7
3952662216473839, 8
6044992821022223, 8
6582694872753976, 15
3371446154831453, 7
2701166022346321, 26
0347954654965308, 13
2304114776847879, 2
7845552340739866, 8
8085141831982060, 11
7625317994726208, 8
9550521863696917, 7
6549222399222061, 10
1080437189449895, 9
0414103422784165, 5
0031705260681319, 7
6159395247641060, 11
9036293685230994, 7
8646218109364769, 4
4479478561402610, 4
5534156006634736, 3
4791957841966060, 18
1367177135743573, 3
6416497515150655, 12
0114696305621150, 2
2467559186292051, 6
8334302687522593, 2
7733497684752835, 8
6610117393564880, 4
6676176632132637, 8
5930614700886481, 3
1862328080660655, 6
4908360202917485, 6
5059590355257675, 19
6437054925249701, 7
6077243255728600, 4
9830537690586010, 25
7180700157580670, 6
9346497446103891, 4
8482879593346361, 8
1230944482954054, 5
0047495269096221, 7
5552145379042398, 5
6813334535971695, 20
5562230931907875, 8
6511248045406606, 2
2002228440264598, 6
5602028421755511, 8
7305759253763941, 3
2077593063338389, 7
7362842286883368, 8
8850993200160908, 7
6659840725071853, 12
7719402825314254, 13
9561670286584410, 12
3456561671833138, 21
4882654509473557, 6
5085288227080432, 9
1830088884813725, 10
1361567073713480, 10
4706764165201980, 4
1447623724695372, 14
7742543971562811, 2
6642210788381723, 4
1958400799184489, 9
2097902743606092, 10
8200282913635713, 9
7507242119255330, 9
8851890177215510, 7
7840872163805759, 8
3382309049501717, 39
9753142663168623, 12
1066743423929093, 10
5754830961047214, 4
8749088845889262, 2
3553205563497351, 3
5400820921923476, 10
8276425405058086, 5
4946339535964558, 7
0067281135180613, 6
1559500479890495, 9
9950136357620642, 6
4507603595734808, 10
2135648054260231, 17
0538449608805378, 4
6882283097249813, 6
5800752153081371, 14
3039865079695099, 2
7416959981560897, 28
5546991210133959, 7
6427157237870625, 2
5402905838602558, 3
3174540694735567, 20
1975677004385406, 7
6259623503331189, 9
2547696862082416, 22
2056008445134000, 23
5144269854378576, 12
9141322133185560, 10
4199390197375366, 10
2534461165167520, 5
7807997515455644, 8
5113064944973422, 5
2770392631554400, 8
2600060786895700, 6
1927341823687401, 4
3850923003150962, 4
9786012503182271, 5
8793499642997912, 10
9551892120456582, 14
4069324178004211, 29
0031804541618409, 6
0806673690463125, 17
0511967639373534, 2
7944835105098393, 4
7019616634690899, 8
2374451934422387, 21
6148412800838225, 11
0977092614231416, 8
1250867663517159, 17
6523674337785022, 6
9401212980634580, 5
0622208465501414, 10
4793063003202322, 13
3422485719038213, 7
0900226519393513, 5
4894492860554196, 7
4904816535433696, 12
6297912696503184, 11
9757368282639184, 5
1302773092597063, 8
5937439090050044, 7
7081637340185391, 27
8367973725203446, 4
7062421199046867, 26
4494707179070294, 38
5712121407893132, 8
0497305955489088, 2
7158461736255969, 25
1642565626072635, 16
0831132102932100, 2
3560237101421313, 8
2829326228136996, 7
3057380344564727, 17
2425818632709234, 4
1489153436785222, 11
1063419819265955, 6
2763163383357621, 17
9000232544919866, 36
4195339890495999, 3
6647151922421118, 5
4115996552298875, 13
5712882578120587, 4
2598617574035440, 2
3863694439137431, 2
7123868038750477, 24
1241338993610640, 9
4112868496914216, 4
7063233851235378, 14
3236256012431712, 15
4626899444069267, 11
9221772204004606, 22
8848873403535497, 8
0949470316157956, 14
5194184754116712, 26
9092859070852767, 3
8710273849559589, 10
6344836256181841, 12
4068730858454022, 10
3474425181702369, 5
2745679186354681, 2
0905843334424243, 15
0411653516123651, 9
9531152430412446, 11
2125625161874172, 20
7003818793588683, 9
0805620678401830, 15
4261095460481121, 5
7451946505400732, 9
8046043341509137, 8
4073283605156264, 13
4400597671073289, 3
5212147985470553, 20
3086826106833806, 9
4191742468210919, 7
6253314777660049, 1
6904142972078577, 20
5953029548378417, 8
8086324432194233, 1
7484089259365594, 3
5006546346441569, 12
3686415991320283, 23
6318759231493003, 17
1296015569988425, 6
3188089696794361, 14
2996705711002245, 6
6097323277177465, 23
4613905532878805, 5
7126714624741909, 34
8023031116650077, 27
4720168156638203, 3
7788541962140101, 8
6799080112234295, 8
5773519213295218, 9
4420863418928278, 7
2114419828895402, 3
9443064349548504, 3
4817398775015160, 6
7017340852463219, 4
7628754737758145, 5
4547067179161424, 11
3259745350305577, 3
2211661711008648, 4
9728850007077800, 16
9959924655306853, 22
9449050592074451, 16
8657147080609988, 3
2420175794575837, 11
4185521570721716, 8
7249197101633384, 15
4416872716425461, 9
4393774880761973, 15
5717548316748653, 15
0149421197228356, 7
6390879022187783, 9
2370643501645082, 8
8659325936073161, 13
5230203400615261, 9
1673436265417982, 5
8403201845966486, 21
3032390877539636, 5
0019393779801069, 9
2936622640351238, 7
2836764800084585, 6
3839166980589906, 8
9554851051706446, 9
6646435354431954, 10
7364146621161936, 6
7570923003868640, 6
6437962981885439, 12
4594305655072337, 21
6522169364937359, 2
7563420295039104, 13
8102570074492856, 6
1323599863554775, 10
1621407661320678, 12
4703181040916099, 2
7839328993631708, 10
7884461335770816, 19
0197241867558005, 19
4717806403299857, 8
0837571162235679, 4
6687042807200684, 7
1992523110224214, 12
7327508778634319, 7
7092437292539909, 2
8862256276199322, 11
7414461624754942, 15
6002364191773946, 9
1927480252893196, 3
7544044925864987, 11
6607056840278610, 14
7223320281390187, 13
1510542497861874, 9
1335117285179076, 7
9622306642233752, 4
0823439410374204, 10
0539880880649417, 9
6950772870997831, 12
7940882635585934, 15
1104011611313412, 17
1149729469091651, 10
9501891606607932, 32
2517188922860427, 10
0253667361176760, 10
1456461698371964, 10
5593441035110683, 14
4221336619791961, 3
0553701192565687, 6
2198460732370600, 8
4866271292180602, 12
6455990478032543, 9
1038940232241164, 27
1916268862901807, 19
1423739364982427, 16
5849780347831135, 11
0713023280265201, 2
8909725664845610, 4
0095921943345974, 8
6895774651599337, 15
0379996335080008, 22
6769695278256990, 6
8293068760003079, 2
8807278169991830, 14
0903572930540157, 2
5118146790133177, 6
4352186739658915, 6
6890985350118872, 11
8630357037155021, 10
8092455930947951, 3
4347793173729477, 14
8421494431234106, 12
9444609181852540, 9
6654241032100642, 5
0212319743965518, 4
1858127442563781, 11
0985534548499511, 23
2740875155309095, 5
8090069787920931, 8
4931872473042905, 15
0244214867869232, 7
9505303598285983, 22
0159685938643830, 5
8049184468038869, 11
5218263306840103, 3
7168736967417521, 2
6573159543579269, 8
4112586364361237, 9
0678071850781758, 5
0616394640932940, 5
9483984181254426, 6
4261035595905239, 18
1346812345325122, 3
8269382349259729, 2
7286367717834630, 7
3527563574100994, 22
6818699281130228, 9
2332467495014958, 19
6541145627909917, 7
9028159858100017, 10
0834632958540070, 2
2561537217087161, 2
6958442353755877, 12
3375429086054394, 3
5190151392839635, 8
7661118726000403, 11
7206041702378319, 8
2864599102265560, 2
5351444612246849, 18
6911895811672275, 21
6501426772186111, 2
2205702186512908, 15
8441907893108785, 16
7562128593261814, 5
7350455358986079, 5
8469247155532030, 11
7822100041957844, 3
9394289391722756, 7
9359934526855676, 10
6544276550434393, 7
6199143451315226, 2
3620209642728740, 6
3670954198820275, 13
1953734600948522, 4
3204558797163385, 6
0347958395075524, 3
8863163152848405, 6
9191357668099780, 28
3724784750562530, 5
5852500088045837, 17
8662601685179052, 19
3991467697350940, 20
8714809284851818, 8
0275707028320722, 16
2623165325271616, 4
8651880119216103, 7
9227386912589627, 3
6377233914842898, 5
3744216524256924, 14
3620363368809340, 8
5630326001367219, 24
4427314759876399, 14
3294169952264972, 5
7243762377593371, 8
0964792926987907, 22
0983504754172722, 9
8776757457144680, 4
6145570047952173, 4
4880822190339540, 12
1290991108979481, 6
2821655927907544, 5
1754925579953049, 13
6847643296566109, 3
0659643612115382, 25
0226824022045148, 5
8246389669409826, 12
9426531995704972, 3
5659699054915016, 7
6417216091455652, 6
9847782193640220, 15
3532409069543674, 7
5192857645022097, 7
5469220242431217, 35
0332149722877197, 7
6142780322030165, 10
6457760635895902, 9
8321799204327179, 7
2295426092712681, 2
9469987954896496, 7
3889460715030455, 2
2228162740861681, 6
2311094074614215, 10
4954966004670277, 5
8811372021470372, 3
7187188113946693, 3
1737788955086006, 18
1281649289116967, 9
0666657189071590, 10
6112515541789506, 13
7652151522272485, 20
1185353656503072, 25
0626861156126578, 4
2074237462377879, 4
8239947113834183, 5
8093417680620019, 4
5025257747246251, 2
1255105994637203, 3
3410097513669545, 2
7100787923660549, 18
0966556693126925, 3
1506404802743893, 8
2304459384947987, 7
4204601385608946, 4
0644831232940561, 20
1480939158149455, 4
5554699672476575, 5
5387419210733898, 5
0494846385230459, 2
4440101384265893, 22
1227841754173587, 10
8323178878206962, 7
9356898170253840, 9
2349330916383509, 7
4941908561947153, 7
6576691043542284, 10
1126072137086657, 14
2879868233752204, 16
0000426155441725, 11
3772572021776598, 7
8863706292628331, 14
1801953596253146, 11
3532504517616037, 15
0271262766746455, 5
2154249354019106, 2
7936026626837085, 6
1919128137338097, 3
8955490064246204, 8
4411045798927337, 4
3543332021306245, 8
0768372344057642, 6
8453347090604010, 13
1444241506347276, 13
9561219095887352, 11
9491069760631962, 14
6449468825793021, 2
3593958639078623, 5
0405376150238732, 6
5510473451981117, 9
9268239679284823, 12
5454294768605702, 33
0020917170892615, 16
2019701682345671, 2
8855271776749181, 10
0403435617275900, 10
0005464426041071, 2
2265832664151038, 12
9474738334121552, 8
4654305572451360, 32
2284269993915683, 8
5584557933159302, 28
5392719593428049, 2
1343045118381268, 17
8179905157939621, 2
6572919640120693, 4
7190393283533749, 10
8749834530410729, 16
4034927222180042, 3
0516286832674015, 7
2788538615108729, 12
3544084912962595, 11
6177569845222662, 2
7228007293963671, 7
6545608526472877, 3
4117420613749832, 6
4336853981144511, 37
9960981568618400, 14
5144797474156835, 3
3941384182506697, 5
0247250750660163, 15
3871136414375449, 8
2496969804206964, 6
0722783724229470, 3
8066660068004635, 17
4198814149144165, 4
9135613166880010, 3
8455917059871456, 2
3781912923798720, 31
8387161316584959, 11
8215539489333164, 16
9798842697774397, 4
1440485116168324, 5
8348471937739333, 2
5427042421727621, 13
0784511866230609, 14
7945402327825503, 7
5834202884512455, 11
3489561452782707, 11
3016975912358049, 18
9362405828828063, 17
2767718784331525, 2
7114365434689629, 9
5441717584295392, 12
0447073555893530, 5
0592853444604831, 4
6761490394979307, 8
4036226145775440, 8
8167226394049801, 2
9947217096073947, 13
4215849919453600, 4
8213049746082220, 5
8032894729115580, 8
1286036656042298, 18
6011242357745717, 3
2677036623981440, 12
0920829249826500, 1
8742742116675950, 20
0891714428111234, 17
9893065420927189, 21
9048384392428073, 3
7016291189017426, 2
4272439944346432, 11
6092092558776882, 16
7099094461317886, 9
6325980837929171, 18
6759445988301298, 16
7177659767230139, 5
3267843405581248, 11
7998288335836364, 7
9562253917177510, 5
2631880063564842, 4
9027649509165461, 3
0440814851798764, 3
7542477918045216, 12
1336084498940894, 15
6457328773061506, 7
9596300416464737, 7
5197443719462491, 5
4726355320890725, 12
2159284327345115, 16
6171517695707255, 14
9805158523357771, 36
4392730514333344, 24
5632469525914953, 46
1321284998759806, 11
9410182642792577, 21
7048391143941305, 2
4801145654206305, 9
6635380243739755, 4
1044129246528787, 4
7132834027492756, 7
3379147543215084, 6
6220335074951151, 14
2142899284143270, 6
6822339713125905, 5
2570284063817456, 25
3503310121034949, 4
6583842525073837, 5
1771143322529618, 7
3551571124708726, 9
5322325760113475, 12
4698230094310892, 9
7725249937913651, 5
2563176285638493, 21
2322301518101641, 14
5593940508580584, 24
5387073825680178, 28
6683814406203359, 12
1538769404912405, 13
5653435745382363, 42
4284814118730968, 6
4292131898988204, 16
1005739684635452, 5
2054379861742387, 4
7226746671816223, 5
4060905545836377, 21
0166207052007468, 31
7931486543023117, 4
3658444242488301, 3
1154573434473391, 14
8331160024734664, 9
3542814456676434, 24
6566530797097172, 6
5864852480299734, 27
9185391725135713, 7
2010732834774413, 4
3697668612328236, 5
7252197350250381, 16
5486102743874724, 19
8149571973918042, 4
9518226668803105, 11
7718003831680732, 7
2946612073713441, 11
1838652801389093, 4
9824164081882216, 9
2782183585992593, 4
3395540643067191, 5
9102458241218645, 5
4498255089432603, 5
5233024801784007, 5
4719142008818153, 13
2974525500021107, 1
4497863064376357, 16
3995315356143227, 5
3673912278876755, 18
6227379614341753, 9
0613852447482455, 12
4550482432414064, 7
3248312422259171, 10
9922422518330817, 6
6502609607510575, 9
2197573378160298, 5
9840294285425082, 22
4446947795854189, 5
6158793473577176, 4
9914659189514029, 4
8616089755523409, 8
9816649379632045, 13
1021578072745636, 9
1135474058957333, 13
4708593924561656, 12
7039539793937145, 5
1283046357941892, 16
8609433342057660, 29
8470850040697965, 7
9294817271013475, 16
7913509901379504, 24
8317304172969145, 8
4691634456137139, 14
9151380413988444, 14
0944018961414823, 4
5269448984013726, 5
7740664171259911, 5
0569045726060943, 9
7268537126311037, 5
8926485897311623, 15
6570215410187012, 5
1010923808029704, 5
9560885218618038, 14
0600549075776976, 5
2092756868287217, 9
3688670541163040, 9
0819670262152542, 6
3641295718619015, 9
5632123201840423, 4
5639675660065112, 23
5543831332480483, 4
9908118571251687, 4
2999886323545027, 11
0303291727518181, 19
8502918034958381, 6
5090977448601930, 24
0869573191791125, 11
8378084817777427, 16
6754896552067105, 8
2659602494903108, 5
2920475748328010, 25
5134656329788030, 5
2189770776191645, 3
6643494115010695, 17
2395537952539818, 5
4616280611522358, 22
1098244638803424, 12
5361631467258128, 35
3358652498522103, 6
3498624270643495, 6
1900228901658436, 13
6978809701557691, 6
6557255898102953, 2
4870782591544888, 32
0281565036194848, 9
1329771683586073, 5
4859335473732827, 6
2682969284562227, 6
3102516235444475, 7
2217583072743645, 16
0035105250269316, 5
5925021553428368, 24
2639546530580082, 9
2410014551047497, 3
2912915444536773, 21
9437851648445646, 6
7949873436874816, 12
2725461801011705, 15
9951917773012445, 6
0364175260584012, 9
8429319957087376, 5
4162446062102318, 6
6773261847546446, 19
1124880386577565, 2
6851948491828476, 5
5059371729021418, 12
0260651020739557, 38
9347562683746206, 6
1403799800044481, 2
9955360890144241, 5
4289519113988271, 7
5757629570191824, 23
3902589163703992, 10
9643602170583295, 12
8671896199333382, 2
8642130741090544, 26
2749091642359010, 6
9209702044364958, 21
6260328249303808, 15
6612101090683256, 11
5224195430952562, 29
8627572857298765, 24
3438668503447038, 29
2359067665688483, 7
5822519463812833, 12
2025615247473109, 6
5584643092386755, 9
0901305122345443, 17
8469763967749393, 16
7224775081434545, 13
7647526138593527, 16
4220736028824952, 16
4336988159404200, 17
6984037454590387, 6
9411541072615044, 6
5362500308756910, 18
0737568076559541, 3
1868157234228939, 32
9215000386283748, 22
1571833095336217, 21
1201553761199291, 17
9470675519276604, 15
7897521026059454, 7
7539416243824222, 10
5094209393200149, 25
5630090215207417, 6
4522872268926324, 8
3935326119571896, 20
9840880011538012, 4
3104820846952761, 12
3763298334872469, 15
9039318805042008, 35
8164595976577982, 9
6821463993877092, 22
7040694664265256, 6
1031192975749323, 10
1713443212522009, 13
4474818783782087, 24
1437840851156412, 0
3352689697881256, 28
0793681284523237, 8
1370400052953867, 15
0995369675100606, 27
4072104328787799, 7
6342655447227128, 4
7643097631069139, 18
2937005478219991, 14
0637527943212096, 6
7940785211414942, 17
1072912681598230, 14
5233847347308861, 3
6649796144129435, 8
8220547606836520, 9
4254048439465264, 4
4706853841098034, 11
3066468403151342, 6
7326657051408770, 27
8483229888324823, 12
0482944362193478, 8
6187803829032999, 3
7485704533001621, 37
5828404873323236, 14
7348949211499851, 6
2138657500357064, 10
3713130840049209, 9
6347184611690079, 7
1838056803559476, 11
6846179348922001, 4
3059599077531540, 15
9003852654636940, 6
9703286974285404, 26
9013640564430263, 12
8385246542466070, 15
1692352668946469, 5
4261756318361933, 3
5890836961761762, 7
4693772602730891, 19
2368585419362246, 3
8047829434629710, 4
2742458255780636, 4
9988463989269226, 29
4780923660734726, 5
3339722278281980, 18
1199024162027101, 31
5133414385601172, 3
8838761038897260, 4
0539616434544033, 15
7822031006868557, 3
9900388069578796, 3
7048312618307259, 18
9522665857970823, 3
4752444444282662, 27
1380521901370516, 16
9938440666314061, 11
4894189514649369, 5
2203795549641843, 26
5228447595798025, 23
0466197215095197, 13
0166946863505823, 6
0051628088789781, 3
8196522386086079, 29
5671347362352390, 9
3089863722224943, 4
0306263703608664, 6
9108676959881201, 6
9653389289239837, 5
8646767975145250, 4
1860731854087497, 10
9555396901356413, 11
5583303083405308, 2
2682139953614636, 14
5505497552788916, 5
0057662923368490, 18
8986788259261935, 8
6420892407056276, 5
5158834029623121, 7
8682215618761531, 7
4761034356311819, 12
8555550968851813, 24
6564182894296983, 8
5552911338013774, 3
8866326522059260, 22
9458003573412535, 14
8912251246011301, 6
8653856514260117, 11
1453881693931070, 7
0934901966018567, 20
6899308380367576, 22
6406643400190753, 5
1792205990988340, 10
4758034136465394, 8
8700411073162820, 16
1677611046157943, 24
6900007485906806, 6
6248409414144759, 38
0428010754573912, 4
9556992302471251, 3
9382312293172758, 37
4419792302849129, 24
4700786591818569, 6
1124657915075171, 3
7212544549219278, 18
0178487419168789, 4
1293351165286941, 8
6783513041896863, 3
8770381145302661, 6
8617149947686400, 5
0411097768343762, 16
6564123087931809, 5
1493522084100702, 4
6216459128227065, 25
3114564139793378, 3
8155842479149898, 6
7886576325991695, 2
4383971335868901, 8
2279288857574154, 40
2410490688889184, 31
8809554594372382, 9
2409769589523805, 4
3824766170490210, 5
9093281781844684, 9
1245872944686057, 6
3959420037469126, 36
5482444929146466, 14
2523009327795934, 11
0984986751289921, 15
2114288942135554, 6
1087625657694882, 5
3335134212765427, 4
8004261745207655, 25
3783379641106189, 4
3278270648623682, 9
5190647173036381, 14
3037078818479627, 7
3819602695761146, 3
1431016636192760, 2
6947268789571591, 17
0187919664656288, 6
7656359687678517, 3
9379882129823483, 27
5223748005583046, 12
3658982227344681, 23
1073270965929453, 5
4682571293331516, 7
4063050820197722, 6
2352908430643450, 15
1450737398951246, 10
1377973192348389, 8
4090219754109759, 26
9226930332690749, 8
1467467459531079, 4
6649004854958284, 0
6244789008254595, 3
1437101001690119, 42
9380005316453461, 4
8277448352211471, 4
8351178780387042, 2
1759229357132295, 15
6251162496950369, 3
2735314888971189, 18
9161796129781366, 11
2638684214525545, 8
1756916213653812, 5
6037562528470643, 4
2708925706211798, 11
2151814756000316, 3
4239314033899431, 22
5087416767037311, 19
4180884426403385, 3
2261656066135090, 3
1413313357624452, 3
2145120438219969, 12
6717118290569222, 17
4263429483560675, 6
2688341418437832, 4
1715925033666172, 28
9571223872010564, 3
8413757964483641, 2
1208626521624753, 9
4362151704689093, 2
1162698189610859, 17
6409892014093401, 2
7114851617910944, 2
8093971851028467, 18
6689902322062977, 26
9476792897446468, 3
3890717551473530, 21
4081599588890101, 5
5369814574689289, 13
0138043763264267, 6
3401886205882599, 20
8233266194903721, 5
3959398513054251, 12
0489675170237551, 6
7432418198969360, 7
6400808578437895, 11
6523952021199783, 7
0468908161766134, 12
9222758031684111, 27
9986207002772056, 7
9453035881985222, 4
9096220421538153, 10
7002163740136518, 25
5076308711140717, 21
8078034777913239, 11
1202890126013526, 11
6622209506986872, 14
2601275182590220, 17
6328755325778619, 1
3281594766381090, 7
6516257202885715, 6
0024049955141581, 7
9449024869893687, 29
9831881881684337, 4
4085502364048357, 4
9293780608509679, 10
1125825723744421, 12
0880032091792388, 2
3377551117316312, 18
8741661858103617, 10
5718745078825113, 3
8084147980411650, 12
9268347207438461, 3
0882400090944332, 15
7973639275404396, 36
6178086131852338, 21
8310478883673510, 19
9286401909197470, 18
1730272937177501, 14
8466816712473296, 11
5022690471163952, 26
4420103682295400, 22
4470623278665226, 3
2579015087449078, 3
2608289078549660, 20
1139079330866028, 3
9656467197446251, 23
9717740959973241, 11
9918529717870544, 10
9349314254590606, 6
4633583409151790, 13
6423864240860713, 20
2291826582854381, 5
6177348992365305, 3
4643990060392832, 2
6659246161013196, 6
8134165484536116, 6
6355986369937111, 16
5325968209982071, 16
0985558998726645, 10
3719681476434081, 9
7963180413092256, 6
5000387921353879, 10
9688564609255599, 19
0402775402908592, 11
7158437514616178, 12
7679918364560142, 16
1871882988389691, 5
1230793266720541, 13
0418993149462127, 27
7266755357884898, 8
9685356715150997, 23
5212042997342761, 5
7305049221564268, 14
3900077782495975, 9
2000279230405792, 15
6847353939636082, 10
7138447810924354, 17
4591691475053155, 23
7236834842677715, 7
6132661702804978, 6
8583395482529236, 24
7037194054142618, 21
3338392997071424, 4
1419504420087999, 5
5414605629859769, 4
3439658064931892, 11
7174060851089930, 3
5679788739518582, 21
2101345650666445, 6
8076482333884301, 6
7635057415417373, 10
6721092709174531, 4
0182199078802821, 11
3472569029056244, 6
5918828652607928, 20
2140594056419912, 17
2933266723428368, 4
7777940658771317, 8
2835083057065460, 5
8691110525398604, 4
8903491471150365, 6
2547349202286240, 7
6881105441861735, 5
7675120829442519, 29
4432739567111197, 3
5510109599876724, 3
2988710010245249, 4
2445414596978378, 9
9665897262541310, 28
0114195078028833, 10
4466015361560728, 6
4929571824508354, 9
8688595283487177, 17
9019642695337903, 2
4101528924530251, 26
2700029174091697, 14
4521277835124225, 3
6329956147647810, 17
9149503296606174, 6
7861657135146732, 15
3910246769763308, 17
8821398582307961, 0
8621824051785371, 7
0728779756077916, 6
0249185400373729, 9
8806044055379638, 3
0885913183990095, 13
0181215103954387, 15
7240963502716211, 6
5511415821387906, 3
3180088432571509, 0
3982644341992936, 25
7563054914598095, 7
6887423552231556, 8
3696490956467576, 11
4141993631798474, 10
3927214964627220, 14
1941081045025185, 15
5353810208740776, 14
3198576899533844, 10
8167971968449265, 9
2895740907912689, 11
0618261123722986, 11
2652043100444306, 2
5004049383694261, 4
2185108148152385, 17
3407867835019436, 13
2537226249718336, 6
5553390327511801, 19
3045517030258249, 13
7682423700040317, 3
1126608542990335, 8
5913180982540524, 18
9117854124901345, 5
6818064826509256, 2
1712388983913292, 22
5024823307631761, 4
2667967709408311, 25
5505726849972982, 36
5145388156069506, 19
6069287623413362, 2
0607523693172535, 5
7835938043590509, 5
9550153348984280, 4
6099882624174031, 36
2812011677874932, 6
8987280333411421, 16
8790433648432940, 8
9120674464635588, 13
2300942531931495, 12
0768140730368272, 19
1254222340346990, 4
8212228912439636, 14
6386315600969244, 2
