"node";"size";"distance"
"1";"6";"9996694"
"1";"3";"10448650"
"1";"156";"9508110"
"1";"6";"9701577"
"1";"127";"0"
"1";"3";"9508110"
"1";"4";"7200047"
"1";"5";"9817123"
"1";"70";"9289162"
"1";"40";"9464228"
"1";"31";"9012867"
"1";"2";"9289162"
"1";"36";"9289162"
"1";"2";"8682598"
"1";"8";"9289162"
"1";"1";"5848723"
"1";"6";"9282590"
"1";"1";"11062293"
"1";"1";"9289162"
"1";"22";"8803154"
"1";"3";"9058506"
"1";"12";"8077145"
"1";"5";"9012867"
"1";"2";"932834"
"1";"1";"9508110"
"1";"2";"7454531"
"1";"7";"7417315"
"1";"29";"7417315"
"1";"5";"7417315"
"1";"48";"10359542"
"1";"17";"9494913"
"1";"1";"9328921"
"1";"1";"7143505"
"1";"1";"137978"
"1";"1";"8700082"
"1";"2";"556005"
"1";"7";"9501238"
"1";"2";"9508110"
"1";"8";"9508110"
"1";"14";"9289162"
"1";"16";"9817123"
"1";"6";"82673"
"1";"1";"7440032"
"1";"4";"9415688"
"1";"2";"82736"
"1";"1";"9342072"
"1";"1";"6351665"
"1";"1";"5641293"
"1";"2";"9436962"
"1";"1";"9508110"
"1";"1";"9508110"
"1";"2";"9328921"
"1";"1";"9508110"
"1";"1";"9328921"
"1";"1";"9508110"
"1";"1";"9508110"
"1";"1";"171391"
"1";"1";"9289162"
"1";"1";"9289162"
"1";"2";"0"
"1";"2";"9289162"
"1";"2";"9129093"
"1";"1";"640167"
"1";"3";"8958299"
"1";"1";"9012867"
"1";"2";"9219115"
"1";"1";"9012867"
"1";"4";"6743962"
"1";"1";"6400831"
"1";"1";"9129093"
"1";"1";"286764"
"1";"1";"9508110"
"1";"1";"6063130"
"1";"1";"272184"
"1";"9";"7142075"
"1";"2";"8903719"
"1";"1";"9289162"
"1";"1";"7047562"
"1";"1";"9247845"
"1";"1";"1587313"
"1";"1";"9295236"
"1";"1";"9289162"
"1";"2";"162828"
"1";"1";"9569244"
"1";"6";"78757"
"1";"1";"5576456"
"1";"1";"9508110"
"1";"1";"9508110"
"1";"1";"9508110"
"1";"1";"9508110"
"1";"2";"111714"
"1";"4";"10359542"
"1";"1";"10580383"
"1";"2";"10329079"
"1";"3";"9289162"
"1";"1";"10359542"
"1";"1";"280153"
"1";"4";"9436962"
"1";"1";"9415688"
"1";"2";"9826921"
"1";"1";"1114583"
"1";"1";"9289162"
"1";"1";"5426958"
"1";"2";"9508110"
"1";"1";"9328921"
"1";"1";"9289162"
"1";"1";"7142075"
"1";"2";"7320192"
"1";"1";"9145842"
"1";"1";"9180897"
"1";"1";"5618826"
"1";"3";"8077145"
"1";"1";"10103347"
"1";"1";"313673"
"1";"1";"6462251"
"1";"1";"9473992"
"1";"1";"11141128"
"1";"1";"7619149"
"1";"1";"9508110"
"1";"2";"9508110"
"1";"1";"9265627"
"1";"1";"8025777"
"1";"1";"143394"
"1";"1";"9519324"
"1";"1";"6213110"
"1";"1";"9295236"
"1";"1";"6424686"
"1";"2";"10594485"
"1";"1";"10359542"
"1";"1";"334977"
"1";"1";"7417315"
"1";"1";"9289162"
"1";"1";"5985719"
"1";"1";"8644153"
"1";"1";"6378316"
"1";"1";"9508110"
"1";"1";"6965453"
"1";"1";"8765433"
"1";"1";"335315"
"1";"1";"1208870"
"1";"1";"5464445"
"1";"1";"6242270"
"1";"1";"1465602"
"1";"1";"960417"
"1";"1";"9012867"
"1";"1";"175377"
"1";"1";"0"
"1";"1";"75720"
"1";"1";"534260"
"1";"1";"9519324"
"1";"1";"344156"
"1";"1";"6496329"
"1";"1";"1322794"
"2";"4";"7317268"
"2";"17";"6261915"
"2";"87";"7045876"
"2";"1";"7057673"
"2";"1";"7063367"
"2";"29";"6962354"
"2";"86";"0"
"2";"1";"4990587"
"2";"1";"7045876"
"2";"2";"7045876"
"2";"32";"7417312"
"2";"3";"7193798"
"2";"1";"7193798"
"2";"24";"6793526"
"2";"60";"7025421"
"2";"1";"7394742"
"2";"1";"6759971"
"2";"17";"6874185"
"2";"1";"496175"
"2";"1";"6585698"
"2";"2";"7417312"
"2";"3";"7265407"
"2";"3";"3943350"
"2";"1";"1637293"
"2";"1";"7335096"
"2";"1";"207818"
"2";"2";"7045876"
"2";"1";"6915599"
"2";"1";"7045876"
"2";"24";"7193798"
"2";"2";"6962354"
"2";"2";"5403334"
"2";"1";"6777299"
"2";"5";"6585698"
"2";"3";"6832593"
"2";"1";"7045876"
"2";"1";"7078676"
"2";"1";"7198508"
"2";"2";"1516231"
"2";"1";"6525162"
"2";"3";"747012"
"2";"4";"4352006"
"2";"1";"6734847"
"2";"1";"7045876"
"2";"3";"7213312"
"2";"1";"1487450"
"2";"2";"489937"
"2";"9";"6935189"
"2";"1";"7463498"
"2";"7";"6585698"
"2";"4";"7044066"
"2";"1";"1560551"
"2";"2";"1736276"
"2";"2";"7193798"
"2";"3";"1469365"
"2";"7";"6678775"
"2";"2";"1411231"
"2";"11";"7193798"
"2";"2";"2392661"
"2";"10";"7148683"
"2";"1";"4058928"
"2";"1";"6996803"
"2";"1";"3659732"
"2";"1";"7045876"
"2";"3";"6261264"
"2";"1";"482150"
"2";"3";"4677767"
"2";"4";"6773127"
"2";"6";"7074266"
"2";"1";"7052928"
"2";"1";"1549984"
"2";"1";"1680849"
"2";"1";"7074266"
"2";"7";"2737848"
"2";"2";"5961772"
"2";"2";"1126794"
"2";"7";"5961772"
"2";"1";"6874185"
"2";"3";"4990587"
"2";"1";"1737210"
"2";"3";"1557576"
"2";"1";"3329989"
"2";"2";"6392323"
"2";"1";"7248128"
"2";"2";"6517818"
"2";"6";"1621608"
"2";"2";"3754449"
"2";"1";"3765329"
"2";"1";"6678775"
"2";"1";"11536900"
"2";"2";"3336084"
"2";"1";"6793526"
"2";"1";"1439828"
"2";"1";"1461351"
"2";"1";"7722250"
"2";"1";"7056013"
"2";"3";"7536283"
"2";"1";"1672687"
"2";"1";"7417312"
"2";"1";"6860402"
"2";"1";"6793526"
"2";"2";"7056013"
"2";"1";"6725621"
"2";"1";"3734969"
"2";"1";"4990587"
"2";"1";"6785618"
"2";"1";"7214601"
"2";"1";"6743712"
"2";"1";"7211711"
"2";"1";"4709715"
"2";"1";"6728825"
"2";"1";"4674629"
"2";"1";"749260"
"2";"1";"1219499"
"2";"1";"6909918"
"2";"1";"6792383"
"2";"1";"7189510"
"2";"1";"1269534"
"2";"1";"7045876"
"2";"1";"7691983"
"2";"1";"2359194"
"2";"1";"6883168"
"2";"3";"1584996"
"2";"1";"7069283"
"2";"1";"7132071"
"2";"1";"7880772"
"2";"2";"1551518"
"2";"1";"7252189"
"2";"1";"6648259"
"2";"1";"7193798"
"2";"1";"7589162"
"2";"1";"1710997"
"3";"16";"8877102"
"3";"14";"8415422"
"3";"2";"8150095"
"3";"6";"6069801"
"3";"124";"0"
"3";"42";"8394090"
"3";"16";"8394090"
"3";"6";"8150095"
"3";"1";"6272842"
"3";"1";"6060424"
"3";"22";"7747011"
"3";"1";"7895035"
"3";"1";"6943836"
"3";"18";"7895035"
"3";"14";"9247829"
"3";"2";"502875"
"3";"1";"9234763"
"3";"3";"8321008"
"3";"1";"6900188"
"3";"6";"6272842"
"3";"1";"8394090"
"3";"13";"8150095"
"3";"11";"8142783"
"3";"2";"502875"
"3";"2";"2429"
"3";"6";"8715211"
"3";"4";"8715211"
"3";"1";"9467490"
"3";"18";"9247829"
"3";"13";"6179953"
"3";"4";"7895035"
"3";"13";"8357276"
"3";"1";"1053626"
"3";"1";"8238336"
"3";"1";"317421"
"3";"2";"0"
"3";"4";"7909945"
"3";"1";"8394090"
"3";"1";"8394090"
"3";"2";"8380469"
"3";"2";"8394090"
"3";"1";"8394090"
"3";"1";"10744998"
"3";"2";"10056823"
"3";"4";"10056823"
"3";"1";"7487829"
"3";"2";"6272842"
"3";"1";"6312863"
"3";"1";"8112794"
"3";"1";"8394090"
"3";"1";"8150095"
"3";"1";"8150095"
"3";"1";"8715211"
"3";"1";"8403940"
"3";"1";"8394090"
"3";"1";"8465299"
"3";"1";"5479733"
"3";"3";"9478295"
"3";"2";"138910"
"3";"1";"8115708"
"3";"1";"6999950"
"3";"1";"8628945"
"3";"1";"1044053"
"3";"1";"504806"
"3";"1";"8715211"
"3";"1";"9935619"
"3";"1";"1053626"
"3";"5";"7909945"
"3";"2";"7753126"
"3";"6";"6060424"
"3";"1";"502875"
"3";"1";"8357276"
"3";"1";"1720216"
"3";"1";"7446773"
"3";"3";"9359535"
"3";"1";"8048300"
"3";"2";"8150095"
"3";"2";"6943836"
"3";"9";"6943836"
"3";"1";"6943836"
"3";"1";"8150095"
"3";"1";"487244"
"3";"1";"8056452"
"3";"1";"9165648"
"3";"1";"7747011"
"3";"1";"9467490"
"3";"1";"6475371"
"3";"1";"6060424"
"3";"3";"8584003"
"3";"3";"6684446"
"3";"1";"504806"
"3";"1";"5669202"
"3";"1";"1053626"
"3";"1";"6943836"
"3";"2";"7148754"
"3";"1";"7915627"
"3";"1";"9218235"
"3";"1";"8685195"
"3";"1";"6272842"
"3";"1";"1052366"
"3";"1";"8087449"
"3";"1";"11132089"
"3";"1";"7298997"
"3";"1";"8150095"
"3";"1";"8422474"
"3";"1";"6950984"
"3";"1";"7747011"
"3";"1";"7926808"
"3";"1";"9339632"
"3";"2";"0"
"3";"1";"6727707"
"3";"1";"8160937"
"3";"1";"330123"
"3";"1";"372664"
"3";"1";"0"
"3";"1";"7895035"
"3";"1";"553983"
"3";"1";"7148841"
"3";"1";"6759943"
"3";"1";"553983"
"3";"1";"1366808"
"3";"1";"359472"
"3";"1";"390784"
"3";"1";"349803"
"3";"1";"6943836"
"3";"1";"9151548"
"3";"1";"1343716"
"3";"1";"8150095"
"3";"1";"8028959"
"3";"1";"505509"
"4";"1";"8449305"
"4";"16";"8811341"
"4";"4";"7876637"
"4";"17";"7459681"
"4";"1";"7957638"
"4";"67";"7957638"
"4";"35";"7957638"
"4";"3";"7603813"
"4";"8";"7718092"
"4";"25";"7725037"
"4";"2";"6514635"
"4";"6";"6514635"
"4";"3";"7449411"
"4";"1";"7725037"
"4";"1";"7725037"
"4";"29";"7917815"
"4";"7";"0"
"4";"5";"8781351"
"4";"6";"5753386"
"4";"3";"274477"
"4";"70";"0"
"4";"11";"8443598"
"4";"1";"6478026"
"4";"1";"7957638"
"4";"13";"8811341"
"4";"3";"7725037"
"4";"1";"7725037"
"4";"10";"8274126"
"4";"1";"6256399"
"4";"1";"8798143"
"4";"4";"5608049"
"4";"5";"7288613"
"4";"12";"5848643"
"4";"1";"1454343"
"4";"1";"1633415"
"4";"13";"7725037"
"4";"1";"6051029"
"4";"2";"1587313"
"4";"1";"6119273"
"4";"16";"7967860"
"4";"4";"7459681"
"4";"1";"7459681"
"4";"1";"7725037"
"4";"5";"7725037"
"4";"1";"502875"
"4";"6";"0"
"4";"1";"7957638"
"4";"1";"7968086"
"4";"1";"1461714"
"4";"4";"6016733"
"4";"1";"9043953"
"4";"1";"9615584"
"4";"1";"7967860"
"4";"2";"321225"
"4";"2";"8274126"
"4";"1";"6015304"
"4";"1";"7333767"
"4";"1";"1587313"
"4";"1";"5608049"
"4";"2";"6016733"
"4";"2";"8914317"
"4";"2";"7497889"
"4";"1";"1454343"
"4";"1";"6514635"
"4";"1";"5837672"
"4";"1";"8707172"
"4";"1";"7725037"
"4";"1";"8006858"
"4";"1";"7722556"
"4";"2";"5638009"
"4";"1";"7725037"
"4";"1";"8116369"
"4";"1";"8383449"
"4";"1";"1698966"
"4";"2";"1882925"
"4";"2";"8843952"
"4";"1";"7619941"
"4";"2";"7773997"
"4";"1";"7957638"
"4";"1";"8274126"
"4";"1";"7288613"
"4";"1";"1420645"
"4";"1";"7709430"
"4";"1";"1006268"
"4";"1";"8116369"
"4";"4";"0"
"4";"1";"1450363"
"4";"1";"9664714"
"4";"1";"1741098"
"4";"1";"1574824"
"4";"1";"7931253"
"4";"1";"1454343"
"4";"2";"108526"
"4";"1";"7728327"
"4";"1";"8731734"
"4";"1";"1454343"
"4";"1";"7264943"
"4";"1";"5428778"
"4";"1";"392956"
"4";"1";"218610"
"5";"2";"9876935"
"5";"35";"8806503"
"5";"1";"8806503"
"5";"4";"8806503"
"5";"15";"8550126"
"5";"1";"502571"
"5";"2";"7312039"
"5";"17";"8773215"
"5";"34";"9658568"
"5";"93";"0"
"5";"19";"9658568"
"5";"2";"7553558"
"5";"1";"7351423"
"5";"1";"8773215"
"5";"2";"6676866"
"5";"8";"9780318"
"5";"1";"8563596"
"5";"1";"9058883"
"5";"3";"6586795"
"5";"3";"6495657"
"5";"12";"9285132"
"5";"12";"8840625"
"5";"1";"8662069"
"5";"9";"9132330"
"5";"11";"7351423"
"5";"4";"8550126"
"5";"1";"8550126"
"5";"16";"8186004"
"5";"3";"0"
"5";"14";"6676866"
"5";"3";"7351423"
"5";"10";"8307246"
"5";"3";"8792718"
"5";"1";"9700878"
"5";"1";"9117483"
"5";"1";"8739821"
"5";"10";"6495657"
"5";"1";"8545095"
"5";"3";"6676866"
"5";"3";"6482578"
"5";"1";"6309114"
"5";"1";"8307246"
"5";"1";"8307246"
"5";"1";"8307246"
"5";"1";"0"
"5";"2";"8550126"
"5";"1";"8806503"
"5";"1";"8550126"
"5";"4";"9132330"
"5";"10";"0"
"5";"1";"6980022"
"5";"1";"8742739"
"5";"3";"8542419"
"5";"1";"8186004"
"5";"2";"504806"
"5";"1";"9356382"
"5";"2";"8531989"
"5";"1";"7251369"
"5";"1";"1006268"
"5";"1";"8186004"
"5";"2";"8488200"
"5";"2";"6495657"
"5";"1";"8634740"
"5";"2";"8742678"
"5";"1";"9254041"
"5";"2";"9229486"
"5";"1";"8867738"
"5";"1";"1139920"
"5";"1";"7351423"
"5";"1";"898497"
"5";"1";"8791907"
"5";"1";"9645681"
"5";"1";"8806503"
"5";"1";"7091454"
"5";"1";"8018346"
"5";"1";"9571708"
"5";"1";"9876935"
"5";"2";"10372475"
"5";"1";"8806503"
"5";"1";"8616873"
"5";"1";"9119743"
"5";"1";"7344258"
"5";"1";"8806503"
"5";"1";"726775"
"5";"1";"8550126"
"5";"1";"9886068"
"5";"1";"8729020"
"5";"1";"681916"
"5";"1";"8351208"
"5";"1";"6495657"
"5";"2";"9132330"
"5";"1";"840012"
"5";"1";"898497"
"5";"1";"10477455"
"5";"1";"673763"
"5";"1";"8446724"
"5";"1";"823431"
"6";"2";"7757620"
"6";"1";"5184373"
"6";"44";"0"
"6";"112";"7757620"
"6";"19";"7675914"
"6";"2";"7757620"
"6";"1";"7757620"
"6";"6";"7757620"
"6";"1";"7757620"
"6";"21";"7811980"
"6";"1";"8508322"
"6";"9";"7874196"
"6";"9";"6896161"
"6";"1";"4170347"
"6";"1";"6621963"
"6";"9";"7463944"
"6";"33";"7752116"
"6";"5";"7549466"
"6";"1";"7874196"
"6";"4";"7811980"
"6";"13";"7811980"
"6";"1";"5537459"
"6";"8";"7811980"
"6";"1";"7637562"
"6";"8";"6711194"
"6";"1";"2726227"
"6";"1";"7468942"
"6";"1";"5539564"
"6";"13";"8313815"
"6";"1";"7629207"
"6";"2";"4326929"
"6";"1";"7683195"
"6";"1";"7757620"
"6";"3";"7757620"
"6";"2";"7811980"
"6";"2";"7757620"
"6";"1";"5612530"
"6";"1";"7468942"
"6";"1";"5208527"
"6";"1";"7811980"
"6";"2";"4339018"
"6";"5";"7813835"
"6";"1";"7811980"
"6";"3";"1690313"
"6";"6";"7004211"
"6";"1";"7468942"
"6";"1";"7757620"
"6";"1";"7757620"
"6";"1";"633041"
"6";"1";"7468942"
"6";"1";"8667935"
"6";"1";"576878"
"6";"3";"7757620"
"6";"1";"8313815"
"6";"1";"6896161"
"6";"5";"8313815"
"6";"2";"7767215"
"6";"2";"304228"
"6";"1";"5272235"
"6";"1";"5678165"
"6";"2";"5272235"
"6";"4";"8126179"
"6";"1";"7874196"
"6";"1";"1801546"
"6";"1";"1736276"
"6";"1";"4962067"
"6";"1";"6945711"
"6";"1";"7811980"
"6";"4";"7874196"
"6";"1";"6091059"
"6";"1";"1096605"
"6";"1";"7811139"
"6";"1";"791188"
"6";"1";"5397944"
"6";"1";"6945711"
"6";"2";"7744203"
"6";"1";"5929050"
"6";"1";"7549466"
"6";"1";"7757620"
"6";"1";"7594052"
"6";"1";"7463944"
"6";"1";"8313815"
"6";"1";"5539564"
"6";"2";"433965"
"6";"1";"5780592"
"6";"2";"8474270"
"6";"1";"7773091"
"6";"1";"1851470"
"6";"2";"4105755"
"6";"1";"5295472"
"6";"1";"2580757"
"6";"1";"5124125"
"6";"1";"7757620"
"6";"1";"192222"
"6";"1";"5193940"
"6";"1";"5537645"
"6";"1";"5834189"
"6";"1";"4823"
"6";"1";"304228"
"6";"1";"981053"
"7";"73";"9476836"
"7";"2";"6883168"
"7";"3";"106505"
"7";"32";"9432102"
"7";"2";"7391501"
"7";"20";"7391501"
"7";"43";"0"
"7";"2";"7293867"
"7";"13";"10327431"
"7";"1";"359353"
"7";"26";"9261349"
"7";"1";"5381793"
"7";"1";"7108731"
"7";"1";"9441112"
"7";"8";"82673"
"7";"2";"9261349"
"7";"2";"1275753"
"7";"5";"9406294"
"7";"6";"10327431"
"7";"2";"128906"
"7";"2";"5493802"
"7";"7";"7108731"
"7";"1";"11105192"
"7";"2";"1306563"
"7";"6";"9463701"
"7";"1";"7959252"
"7";"4";"9261349"
"7";"1";"9476836"
"7";"3";"9466578"
"7";"1";"9476836"
"7";"14";"9261349"
"7";"2";"9476836"
"7";"18";"8765753"
"7";"1";"425564"
"7";"2";"5493802"
"7";"13";"8982400"
"7";"1";"6273094"
"7";"2";"8221899"
"7";"5";"38383"
"7";"1";"8919982"
"7";"3";"9261349"
"7";"6";"484526"
"7";"1";"9476836"
"7";"1";"5623546"
"7";"2";"983946"
"7";"1";"6319070"
"7";"1";"1003994"
"7";"2";"9261349"
"7";"1";"9488215"
"7";"1";"9476836"
"7";"1";"9261349"
"7";"1";"11638167"
"7";"1";"7371857"
"7";"3";"149414"
"7";"5";"9784149"
"7";"1";"9152262"
"7";"1";"10327431"
"7";"1";"402331"
"7";"2";"8877789"
"7";"2";"9665300"
"7";"3";"9382116"
"7";"1";"9172668"
"7";"1";"9784149"
"7";"1";"11114028"
"7";"1";"8765753"
"7";"1";"9714370"
"7";"1";"9784149"
"7";"1";"203548"
"7";"1";"9476836"
"7";"1";"6661380"
"7";"3";"9406294"
"7";"1";"9254884"
"7";"1";"6628360"
"7";"1";"8049334"
"7";"1";"9476836"
"7";"1";"7273148"
"7";"1";"9294928"
"7";"1";"7593092"
"7";"2";"411993"
"7";"1";"6020784"
"7";"1";"9476836"
"7";"2";"133929"
"7";"2";"82673"
"7";"2";"9029827"
"7";"1";"9294928"
"7";"1";"7837042"
"7";"1";"1274038"
"7";"1";"170164"
"7";"1";"92337"
"7";"2";"9266760"
"7";"1";"203548"
"7";"1";"6449083"
"7";"1";"9476836"
"7";"1";"5539068"
"7";"1";"7393032"
"7";"1";"9476836"
"7";"1";"9965821"
"7";"1";"7391501"
"7";"1";"275620"
"7";"1";"6950780"
"7";"1";"720124"
"7";"1";"520396"
"7";"1";"1182535"
"7";"1";"498437"
"7";"1";"411993"
"7";"1";"182089"
"7";"1";"8608637"
"7";"1";"16989758"
"7";"1";"7086645"
"7";"1";"5186723"
"7";"1";"1574824"
"7";"1";"774925"
"7";"1";"5189582"
"7";"1";"82673"
"8";"1";"9105826"
"8";"55";"9411895"
"8";"116";"0"
"8";"30";"10265542"
"8";"7";"0"
"8";"1";"9411895"
"8";"10";"9178592"
"8";"19";"9178592"
"8";"1";"9197102"
"8";"10";"8735382"
"8";"13";"8914007"
"8";"11";"7301693"
"8";"10";"11252"
"8";"13";"9371782"
"8";"1";"8914007"
"8";"1";"9073960"
"8";"4";"8992"
"8";"4";"9178592"
"8";"2";"7425910"
"8";"1";"839962"
"8";"2";"9411895"
"8";"4";"9171581"
"8";"4";"9419881"
"8";"2";"9411895"
"8";"1";"11685137"
"8";"1";"7504155"
"8";"1";"7301693"
"8";"3";"9411895"
"8";"2";"8914007"
"8";"6";"9411895"
"8";"3";"11640"
"8";"1";"9178592"
"8";"1";"8894462"
"8";"1";"9178592"
"8";"2";"9178592"
"8";"1";"11535"
"8";"3";"0"
"8";"1";"0"
"8";"1";"11062700"
"8";"6";"10265542"
"8";"1";"5843584"
"8";"1";"5539564"
"8";"4";"9727787"
"8";"1";"0"
"8";"1";"8735382"
"8";"1";"1053626"
"8";"2";"0"
"8";"4";"7206882"
"8";"2";"0"
"8";"1";"7059221"
"8";"2";"7420957"
"8";"2";"10251845"
"8";"1";"9178592"
"8";"1";"8735382"
"8";"7";"7968635"
"8";"1";"9244893"
"8";"5";"9897941"
"8";"1";"9897941"
"8";"1";"7268359"
"8";"1";"9789378"
"8";"1";"9371782"
"8";"1";"0"
"8";"1";"8951958"
"8";"1";"9411895"
"8";"1";"9837736"
"8";"1";"0"
"8";"1";"10235520"
"8";"1";"10366825"
"8";"2";"10366825"
"8";"1";"9329655"
"8";"1";"393680"
"8";"1";"6699903"
"8";"1";"10159983"
"8";"1";"9386750"
"8";"1";"1108204"
"8";"1";"294327"
"8";"1";"308072"
"8";"1";"380075"
"8";"1";"9727787"
"8";"1";"0"
"8";"1";"7710217"
"8";"1";"7301693"
"8";"1";"264604"
"8";"1";"9178592"
"9";"3";"9897941"
"9";"1";"9178592"
"9";"2";"9727787"
"9";"47";"9411895"
"9";"16";"9371782"
"9";"45";"9178592"
"9";"13";"10265542"
"9";"3";"588463"
"9";"8";"9178592"
"9";"85";"0"
"9";"1";"9727787"
"9";"12";"8735382"
"9";"1";"10235520"
"9";"14";"8914007"
"9";"19";"7301693"
"9";"1";"0"
"9";"7";"0"
"9";"4";"9178592"
"9";"3";"9419881"
"9";"6";"9727787"
"9";"2";"397405"
"9";"7";"7206882"
"9";"1";"9411895"
"9";"4";"9178592"
"9";"1";"483398"
"9";"1";"7301693"
"9";"1";"9323212"
"9";"2";"9727787"
"9";"1";"9338253"
"9";"1";"8914007"
"9";"5";"11535"
"9";"8";"9178592"
"9";"1";"11640"
"9";"6";"9171581"
"9";"2";"9178592"
"9";"1";"6303585"
"9";"3";"9178592"
"9";"1";"7092174"
"9";"1";"0"
"9";"2";"9178592"
"9";"1";"9411895"
"9";"2";"9187437"
"9";"1";"9411895"
"9";"3";"9398451"
"9";"1";"10265542"
"9";"2";"10265542"
"9";"1";"0"
"9";"2";"9053826"
"9";"1";"6093162"
"9";"1";"7625188"
"9";"1";"9411895"
"9";"1";"8785957"
"9";"2";"8937440"
"9";"2";"11068203"
"9";"1";"477519"
"9";"1";"5843584"
"9";"2";"308072"
"9";"2";"8894462"
"9";"2";"9329655"
"9";"3";"0"
"9";"4";"7059221"
"9";"1";"9727787"
"9";"4";"7968635"
"9";"3";"10366825"
"9";"2";"7420957"
"9";"1";"311426"
"9";"2";"7268387"
"9";"1";"7301693"
"9";"1";"7268387"
"9";"1";"9073960"
"9";"1";"9178592"
"9";"1";"9582"
"9";"1";"9411895"
"9";"1";"9256457"
"9";"1";"9244893"
"9";"1";"7268359"
"9";"3";"0"
"9";"1";"9411895"
"9";"1";"9411895"
"9";"1";"9727787"
"9";"1";"9680198"
"9";"1";"283243"
"9";"1";"10485978"
"9";"1";"9973543"
"9";"3";"0"
"9";"1";"816970"
"9";"1";"10921326"
"9";"2";"595306"
"9";"1";"1454343"
"9";"1";"9371782"
"9";"1";"5539564"
"9";"1";"0"
"10";"66";"10406376"
"10";"1";"9339632"
"10";"15";"10439298"
"10";"1";"10144458"
"10";"34";"10633491"
"10";"66";"0"
"10";"31";"10633491"
"10";"28";"10327263"
"10";"10";"10526415"
"10";"2";"8661960"
"10";"1";"10427561"
"10";"1";"9786864"
"10";"1";"10406376"
"10";"2";"10640458"
"10";"2";"10127803"
"10";"1";"10689565"
"10";"7";"10408442"
"10";"1";"1004263"
"10";"2";"3233283"
"10";"2";"8387212"
"10";"1";"8652594"
"10";"3";"10406376"
"10";"1";"10406376"
"10";"1";"10406376"
"10";"1";"10406376"
"10";"1";"10459382"
"10";"1";"10406376"
"10";"4";"10198322"
"10";"2";"8681487"
"10";"1";"10633491"
"10";"5";"9747364"
"10";"4";"4123659"
"10";"1";"10144458"
"10";"17";"10358193"
"10";"1";"3296843"
"10";"1";"9019877"
"10";"1";"10336780"
"10";"1";"3637955"
"10";"2";"10633491"
"10";"3";"10633491"
"10";"4";"10633491"
"10";"4";"49182"
"10";"1";"10706783"
"10";"1";"10633491"
"10";"2";"10322637"
"10";"3";"4326929"
"10";"2";"10406376"
"10";"1";"9595786"
"10";"1";"2972544"
"10";"1";"4123659"
"10";"1";"10406376"
"10";"1";"10574612"
"10";"1";"10526415"
"10";"1";"3915975"
"10";"1";"9458895"
"10";"1";"3888075"
"10";"2";"10336780"
"10";"1";"516124"
"10";"1";"10633491"
"10";"3";"10439298"
"10";"2";"10260642"
"10";"2";"9706719"
"10";"1";"2939005"
"10";"1";"1492218"
"10";"3";"10341921"
"10";"1";"1512251"
"10";"1";"10315000"
"10";"1";"10543051"
"10";"1";"8720051"
"10";"1";"11963962"
"10";"1";"2234862"
"10";"1";"10633491"
"10";"2";"8981143"
"10";"1";"10406376"
"10";"1";"3136278"
"10";"1";"10406376"
"10";"1";"9371921"
"10";"1";"1513760"
"10";"2";"10512442"
"10";"1";"10582345"
"10";"1";"10526415"
"10";"1";"10439857"
"10";"3";"10633491"
"10";"1";"1490585"
"10";"1";"10144458"
"10";"1";"9459437"
"10";"2";"2832133"
"10";"1";"10582345"
"10";"1";"2654786"
"10";"1";"3765329"
"10";"1";"8911263"
"10";"1";"9601939"
"10";"1";"10379254"
"10";"1";"4313271"
"10";"1";"9432710"
"10";"1";"8570411"
"10";"1";"2384571"
"10";"1";"578604"
"10";"1";"1131593"
"10";"1";"3068176"
"10";"1";"10461355"
"10";"1";"3097281"
"10";"1";"4139234"
"11";"14";"8689958"
"11";"37";"8202858"
"11";"1";"2232575"
"11";"8";"6764189"
"11";"17";"8161533"
"11";"27";"7975594"
"11";"18";"7705754"
"11";"66";"0"
"11";"7";"7968806"
"11";"1";"7730537"
"11";"20";"6100801"
"11";"3";"6100801"
"11";"15";"9056028"
"11";"16";"6004643"
"11";"5";"56329"
"11";"6";"5887085"
"11";"14";"8202858"
"11";"1";"8202858"
"11";"1";"7975594"
"11";"9";"9154280"
"11";"2";"293877"
"11";"1";"1924733"
"11";"1";"8202858"
"11";"1";"8205982"
"11";"10";"8207064"
"11";"6";"7975594"
"11";"1";"9849719"
"11";"1";"274477"
"11";"2";"7960933"
"11";"3";"7521286"
"11";"5";"7160124"
"11";"4";"8189494"
"11";"1";"7746920"
"11";"6";"7975594"
"11";"1";"7975594"
"11";"2";"7975594"
"11";"3";"8516766"
"11";"1";"1453117"
"11";"1";"8202858"
"11";"6";"9056028"
"11";"3";"8689958"
"11";"1";"134035"
"11";"1";"8413440"
"11";"2";"8516766"
"11";"4";"8516766"
"11";"1";"8516766"
"11";"1";"7680418"
"11";"1";"7840141"
"11";"2";"8466259"
"11";"2";"7586844"
"11";"3";"5846163"
"11";"1";"7975594"
"11";"2";"8117734"
"11";"3";"6221344"
"11";"1";"8202858"
"11";"1";"5478375"
"11";"1";"6063373"
"11";"1";"6212051"
"11";"1";"7585904"
"11";"1";"8202858"
"11";"1";"8971000"
"11";"1";"7705754"
"11";"1";"8189494"
"11";"1";"8173663"
"11";"1";"274477"
"11";"1";"9276660"
"11";"1";"1463092"
"11";"1";"7983067"
"11";"1";"7986912"
"11";"1";"9056028"
"11";"1";"7695689"
"11";"1";"6100801"
"11";"1";"8161533"
"11";"1";"7521286"
"11";"3";"6302976"
"11";"1";"423205"
"11";"1";"8202858"
"11";"1";"6095059"
"11";"1";"6506642"
"11";"1";"8530411"
"11";"1";"1322794"
"11";"1";"7975594"
"11";"2";"1396818"
"11";"1";"1200018"
"11";"1";"274477"
"11";"2";"47374"
"11";"1";"7521286"
"11";"1";"0"
"12";"5";"6810121"
"12";"20";"8735515"
"12";"33";"8248303"
"12";"1";"7954199"
"12";"1";"8021600"
"12";"12";"7751303"
"12";"1";"8248303"
"12";"2";"8248303"
"12";"2";"8021600"
"12";"1";"7724252"
"12";"1";"6109280"
"12";"14";"9101396"
"12";"2";"6261928"
"12";"15";"8206816"
"12";"10";"5890905"
"12";"3";"8028972"
"12";"2";"160454"
"12";"8";"47374"
"12";"72";"0"
"12";"1";"6099981"
"12";"6";"7196245"
"12";"1";"8690548"
"12";"5";"8561921"
"12";"1";"8248303"
"12";"2";"8021600"
"12";"2";"5890905"
"12";"10";"8251841"
"12";"3";"8561921"
"12";"1";"9322049"
"12";"12";"6147003"
"12";"2";"9101396"
"12";"1";"7633103"
"12";"6";"321225"
"12";"1";"7034749"
"12";"1";"6050761"
"12";"10";"8248303"
"12";"7";"8162728"
"12";"1";"8248303"
"12";"2";"5977193"
"12";"4";"47374"
"12";"1";"8248303"
"12";"1";"5932992"
"12";"1";"1275772"
"12";"1";"6147003"
"12";"1";"1381448"
"12";"1";"8077428"
"12";"1";"8014829"
"12";"1";"6725916"
"12";"1";"7751303"
"12";"1";"7565327"
"12";"1";"1170231"
"12";"1";"7751303"
"12";"2";"8021600"
"12";"11";"8021600"
"12";"2";"8021600"
"12";"1";"6109280"
"12";"1";"8218803"
"12";"1";"7928693"
"12";"1";"7980677"
"12";"1";"8021600"
"12";"2";"8273894"
"12";"1";"5063806"
"12";"1";"8028455"
"12";"1";"8457887"
"12";"1";"9335023"
"12";"2";"47374"
"12";"2";"8234950"
"12";"1";"8006958"
"12";"3";"8206816"
"12";"2";"8248303"
"12";"14";"5932992"
"12";"1";"1452015"
"12";"1";"7724252"
"12";"1";"7633103"
"12";"2";"7565327"
"12";"1";"9199116"
"12";"1";"8175627"
"12";"2";"6810121"
"12";"1";"5726840"
"12";"1";"8841954"
"12";"2";"102619"
"12";"2";"8094810"
"12";"1";"1621848"
"12";"1";"8021600"
"12";"1";"6810121"
"12";"2";"7884599"
"12";"1";"627768"
"12";"1";"8986569"
"12";"2";"7915016"
"12";"2";"7792777"
"12";"1";"6349153"
"12";"1";"8094810"
"12";"1";"9071207"
"12";"1";"8248303"
"12";"2";"8457887"
"12";"1";"6552648"
"12";"1";"8185527"
"12";"1";"1742607"
"12";"1";"8510544"
"12";"1";"1176962"
"12";"1";"321225"
"12";"1";"321225"
"12";"1";"8163445"
"12";"1";"5832269"
"12";"1";"335079"
"12";"1";"8021600"
"12";"1";"321225"
"13";"63";"9576510"
"13";"58";"0"
"13";"25";"9532188"
"13";"1";"7209344"
"13";"2";"7689981"
"13";"3";"9359238"
"13";"8";"9359238"
"13";"3";"9359238"
"13";"25";"9359238"
"13";"1";"93303"
"13";"4";"10427526"
"13";"16";"10427526"
"13";"2";"930323"
"13";"6";"106505"
"13";"2";"9250587"
"13";"5";"9567828"
"13";"1";"8974632"
"13";"1";"209796"
"13";"12";"8868139"
"13";"1";"9022728"
"13";"13";"9081665"
"13";"2";"5972891"
"13";"1";"7488248"
"13";"1";"40466"
"13";"1";"8868139"
"13";"8";"10065306"
"13";"1";"9395878"
"13";"7";"78757"
"13";"1";"1696303"
"13";"1";"9576510"
"13";"1";"9576510"
"13";"1";"9359238"
"13";"2";"404596"
"13";"5";"9563345"
"13";"1";"9576510"
"13";"2";"6354724"
"13";"2";"5262358"
"13";"1";"11207018"
"13";"1";"8599828"
"13";"1";"9576510"
"13";"8";"7488248"
"13";"1";"6511848"
"13";"2";"5568340"
"13";"1";"9576510"
"13";"2";"64064"
"13";"2";"9194984"
"13";"1";"9317829"
"13";"1";"5896854"
"13";"1";"9359238"
"13";"1";"9359238"
"13";"2";"7390900"
"13";"1";"9359238"
"13";"1";"7209344"
"13";"1";"9884641"
"13";"1";"9352715"
"13";"1";"8328382"
"13";"2";"349701"
"13";"1";"9505667"
"13";"2";"5606255"
"13";"1";"9482877"
"13";"2";"1396818"
"13";"1";"9194984"
"13";"1";"283168"
"13";"1";"9884641"
"13";"1";"9576510"
"13";"1";"5840269"
"13";"1";"396776"
"13";"2";"9505667"
"13";"2";"1662547"
"13";"1";"6963046"
"13";"1";"10515114"
"13";"1";"9532188"
"13";"1";"9250587"
"13";"2";"9128173"
"13";"1";"8147198"
"13";"1";"325535"
"13";"1";"10427526"
"13";"1";"9482877"
"13";"2";"9395878"
"13";"1";"7890967"
"13";"1";"9081665"
"13";"1";"625441"
"13";"1";"9413175"
"13";"1";"8147198"
"13";"1";"9395878"
"13";"1";"9365003"
"13";"1";"122142"
"13";"1";"1176146"
"13";"1";"213028"
"13";"1";"10452671"
"13";"1";"9022728"
"13";"1";"8974632"
"13";"1";"6753422"
"13";"1";"9369975"
"13";"1";"117479"
"13";"1";"16482179"
"13";"1";"404596"
"13";"1";"11129440"
"13";"1";"9576510"
"13";"1";"9576510"
"13";"1";"1662547"
"13";"1";"204239"
"13";"1";"11761499"
"13";"1";"7446381"
"13";"1";"78757"
"13";"1";"10219722"
"13";"1";"5698125"
"13";"1";"1349688"
"13";"1";"140674"
"14";"4";"8479703"
"14";"57";"8611983"
"14";"2";"8611983"
"14";"53";"0"
"14";"1";"2832133"
"14";"1";"6147642"
"14";"12";"8734338"
"14";"3";"8734338"
"14";"20";"8528340"
"14";"22";"7799317"
"14";"21";"8551402"
"14";"23";"8403009"
"14";"27";"9023744"
"14";"2";"2238929"
"14";"2";"6378316"
"14";"5";"8734338"
"14";"7";"7913459"
"14";"2";"181330"
"14";"1";"2753327"
"14";"7";"8691891"
"14";"1";"8611983"
"14";"1";"8399957"
"14";"1";"1149763"
"14";"1";"8611983"
"14";"9";"8369025"
"14";"1";"8611983"
"14";"3";"1056064"
"14";"1";"862236"
"14";"1";"1141210"
"14";"2";"8615873"
"14";"1";"6835681"
"14";"1";"1362982"
"14";"2";"8658192"
"14";"1";"235280"
"14";"1";"1014591"
"14";"3";"8734338"
"14";"3";"8734338"
"14";"1";"6378316"
"14";"1";"8611983"
"14";"1";"7136957"
"14";"1";"8611983"
"14";"1";"8734338"
"14";"1";"8907775"
"14";"1";"6231476"
"14";"1";"9251307"
"14";"1";"360115"
"14";"2";"8661546"
"14";"3";"7833554"
"14";"1";"374959"
"14";"1";"8293512"
"14";"3";"7283191"
"14";"1";"1499256"
"14";"1";"7027176"
"14";"3";"2625608"
"14";"1";"800855"
"14";"4";"402642"
"14";"4";"8103794"
"14";"1";"6378316"
"14";"3";"1621608"
"14";"1";"7772902"
"14";"1";"8734338"
"14";"4";"9148643"
"14";"1";"6947038"
"14";"1";"8611983"
"14";"1";"8629660"
"14";"2";"8878334"
"14";"2";"7913459"
"14";"1";"6190526"
"14";"1";"8399957"
"14";"1";"9204831"
"14";"1";"8615873"
"14";"1";"7322381"
"14";"1";"9023744"
"14";"1";"203618"
"14";"1";"635941"
"14";"1";"1140100"
"14";"2";"9312858"
"14";"1";"1300481"
"14";"1";"1234827"
"14";"1";"374959"
"14";"1";"364694"
"14";"2";"742279"
"14";"1";"6421037"
"14";"1";"1494430"
"14";"1";"1136928"
"15";"17";"8037699"
"15";"44";"0"
"15";"29";"7836131"
"15";"1";"3880284"
"15";"55";"7960708"
"15";"2";"8037699"
"15";"6";"7952915"
"15";"6";"7029266"
"15";"2";"7149541"
"15";"29";"7878001"
"15";"1";"1900501"
"15";"2";"8055964"
"15";"7";"8037699"
"15";"18";"8472766"
"15";"1";"8037699"
"15";"4";"7693785"
"15";"7";"7740197"
"15";"1";"7960708"
"15";"5";"7956068"
"15";"1";"443094"
"15";"2";"655195"
"15";"2";"7960708"
"15";"1";"7960708"
"15";"1";"8472766"
"15";"2";"7029266"
"15";"5";"1516231"
"15";"2";"8037699"
"15";"1";"282727"
"15";"1";"6286075"
"15";"8";"7111497"
"15";"1";"8040227"
"15";"1";"5618826"
"15";"2";"1056064"
"15";"1";"8037699"
"15";"1";"6303666"
"15";"1";"5601018"
"15";"1";"6311576"
"15";"2";"3678031"
"15";"5";"8055964"
"15";"5";"8622681"
"15";"1";"8307261"
"15";"2";"7792778"
"15";"1";"7111497"
"15";"1";"5496566"
"15";"1";"2397562"
"15";"1";"3598278"
"15";"2";"7952915"
"15";"2";"5636466"
"15";"1";"7893867"
"15";"8";"7286920"
"15";"2";"8358802"
"15";"1";"3727266"
"15";"2";"321497"
"15";"1";"7960708"
"15";"1";"5636466"
"15";"2";"7670708"
"15";"1";"7768517"
"15";"1";"3899379"
"15";"2";"7999961"
"15";"1";"6403672"
"15";"2";"5536203"
"15";"1";"5580128"
"15";"1";"1126952"
"15";"1";"5886402"
"15";"1";"1375831"
"15";"2";"610316"
"15";"1";"8417100"
"15";"1";"425196"
"15";"1";"4341842"
"15";"1";"3223873"
"15";"2";"1118646"
"15";"1";"1725448"
"15";"1";"5636466"
"15";"1";"1375831"
"15";"1";"8446632"
"15";"1";"350819"
"15";"1";"2380616"
"15";"1";"595995"
"15";"1";"5872631"
"15";"1";"1409581"
"16";"2";"8781351"
"16";"38";"7957638"
"16";"5";"5638009"
"16";"1";"1250339"
"16";"30";"7725037"
"16";"5";"7725037"
"16";"1";"7725037"
"16";"2";"7725037"
"16";"2";"502875"
"16";"8";"6514635"
"16";"16";"7917815"
"16";"1";"7497889"
"16";"1";"314280"
"16";"10";"0"
"16";"53";"0"
"16";"6";"8443598"
"16";"1";"7957638"
"16";"10";"7957638"
"16";"1";"8274126"
"16";"1";"7957638"
"16";"3";"7968086"
"16";"8";"8811341"
"16";"2";"108526"
"16";"5";"7459681"
"16";"6";"7459681"
"16";"5";"5608049"
"16";"5";"6016733"
"16";"1";"6480500"
"16";"6";"5848643"
"16";"1";"6562595"
"16";"1";"7876637"
"16";"1";"7710187"
"16";"1";"7459681"
"16";"1";"1454343"
"16";"7";"7288613"
"16";"1";"1865945"
"16";"2";"7773997"
"16";"5";"218610"
"16";"2";"7725037"
"16";"8";"7718092"
"16";"1";"7483123"
"16";"1";"7844366"
"16";"1";"5848643"
"16";"6";"8811341"
"16";"4";"8274126"
"16";"1";"466151"
"16";"1";"1865945"
"16";"1";"9163711"
"16";"5";"7967860"
"16";"1";"1454343"
"16";"1";"5825760"
"16";"1";"7883919"
"16";"1";"7792314"
"16";"1";"7288613"
"16";"3";"7876637"
"16";"4";"274477"
"16";"1";"7876637"
"16";"1";"8458500"
"16";"2";"7333767"
"16";"1";"7725037"
"16";"1";"5848643"
"16";"1";"7917815"
"16";"1";"7603813"
"16";"1";"5608049"
"16";"1";"7684477"
"16";"1";"7449411"
"16";"1";"7858602"
"16";"1";"8914317"
"16";"4";"0"
"16";"1";"5753386"
"16";"1";"7725037"
"16";"1";"1393336"
"16";"2";"0"
"16";"1";"6166571"
"16";"1";"0"
"16";"1";"321225"
"16";"1";"1454343"
"16";"1";"1968445"
"16";"1";"502875"
"16";"1";"1587313"
"17";"3";"7698770"
"17";"93";"0"
"17";"1";"8051410"
"17";"12";"8161362"
"17";"3";"8470236"
"17";"8";"6051798"
"17";"6";"9009012"
"17";"1";"910681"
"17";"8";"5800597"
"17";"2";"8071566"
"17";"1";"7682791"
"17";"7";"56329"
"17";"18";"8642512"
"17";"12";"8114723"
"17";"24";"8155677"
"17";"8";"7927065"
"17";"2";"7636661"
"17";"5";"7920238"
"17";"2";"7795119"
"17";"6";"7658342"
"17";"1";"6210892"
"17";"2";"102619"
"17";"2";"218610"
"17";"4";"8127176"
"17";"1";"1515348"
"17";"1";"8155677"
"17";"1";"1517298"
"17";"5";"6715870"
"17";"1";"1749836"
"17";"3";"9009012"
"17";"3";"7477124"
"17";"1";"7934795"
"17";"2";"7927065"
"17";"3";"7927065"
"17";"2";"7927065"
"17";"1";"7927065"
"17";"2";"7927065"
"17";"1";"7927065"
"17";"4";"8155677"
"17";"1";"1483606"
"17";"1";"8155677"
"17";"1";"6254035"
"17";"2";"9108434"
"17";"1";"8924210"
"17";"1";"1667517"
"17";"1";"9846836"
"17";"7";"8470236"
"17";"3";"5838847"
"17";"1";"8155677"
"17";"3";"6183585"
"17";"1";"7986574"
"17";"1";"2804162"
"17";"2";"8166343"
"17";"1";"6715870"
"17";"1";"8748888"
"17";"1";"6016197"
"17";"3";"6016197"
"17";"1";"8581647"
"17";"1";"8155677"
"17";"1";"9229593"
"17";"3";"9229593"
"17";"1";"8155677"
"17";"1";"420734"
"17";"2";"56329"
"17";"1";"8787036"
"17";"1";"8993182"
"17";"1";"7658342"
"17";"1";"8082662"
"17";"1";"8298982"
"17";"1";"8192475"
"17";"1";"8155677"
"17";"1";"7947410"
"17";"1";"8602856"
"17";"1";"8082662"
"17";"1";"6051798"
"17";"1";"6381299"
"17";"1";"7537660"
"17";"1";"218610"
"17";"2";"218610"
"17";"1";"218610"
"17";"1";"5955864"
"17";"1";"218610"
"17";"1";"56329"
"18";"2";"5666803"
"18";"5";"8539132"
"18";"53";"8200716"
"18";"3";"8200716"
"18";"12";"8285071"
"18";"19";"8196374"
"18";"21";"8696099"
"18";"2";"8576180"
"18";"1";"6005724"
"18";"6";"8696099"
"18";"2";"5717796"
"18";"26";"0"
"18";"1";"8285071"
"18";"1";"8285071"
"18";"1";"8841679"
"18";"1";"8696099"
"18";"12";"7942729"
"18";"1";"5894329"
"18";"1";"8075051"
"18";"18";"8117749"
"18";"4";"7300049"
"18";"2";"8611776"
"18";"1";"8216585"
"18";"6";"7976148"
"18";"1";"8200716"
"18";"1";"8200716"
"18";"1";"1420268"
"18";"1";"8285071"
"18";"1";"5717796"
"18";"7";"8285071"
"18";"2";"7910554"
"18";"2";"7910554"
"18";"1";"7976148"
"18";"1";"3496043"
"18";"1";"7942729"
"18";"1";"8287810"
"18";"2";"8288360"
"18";"1";"8285071"
"18";"5";"7356396"
"18";"1";"749760"
"18";"1";"3628602"
"18";"3";"8285071"
"18";"2";"8194829"
"18";"5";"8288360"
"18";"1";"691768"
"18";"1";"8696099"
"18";"1";"3022331"
"18";"5";"8086148"
"18";"2";"92430"
"18";"2";"556125"
"18";"1";"8471746"
"18";"1";"6673736"
"18";"2";"8288360"
"18";"1";"2097542"
"18";"1";"365989"
"18";"1";"7390625"
"18";"1";"7910554"
"18";"1";"6673736"
"18";"4";"7550530"
"18";"3";"2701922"
"18";"1";"8579215"
"18";"1";"8285071"
"18";"1";"9061390"
"18";"1";"8117749"
"18";"1";"7575294"
"18";"1";"8607616"
"18";"3";"7998567"
"18";"1";"7976148"
"18";"1";"8200716"
"18";"1";"6006478"
"18";"3";"3358275"
"18";"2";"167323"
"18";"1";"7214465"
"18";"1";"3324361"
"18";"3";"556125"
"18";"1";"7367491"
"18";"1";"94585"
"18";"1";"8200716"
"18";"1";"7992940"
"18";"1";"5345639"
"18";"1";"8620335"
"18";"1";"7660588"
"18";"1";"7910554"
"18";"1";"699479"
"18";"1";"686311"
"18";"1";"8285071"
"18";"1";"1584996"
"18";"1";"9018489"
"18";"1";"602292"
"19";"27";"7766005"
"19";"44";"7694022"
"19";"3";"7794730"
"19";"1";"7611523"
"19";"2";"6746551"
"19";"7";"6841674"
"19";"9";"7766005"
"19";"48";"0"
"19";"2";"7006204"
"19";"3";"5358791"
"19";"1";"1443831"
"19";"19";"7611523"
"19";"1";"6386905"
"19";"1";"7404224"
"19";"9";"8218189"
"19";"3";"7694022"
"19";"9";"7421148"
"19";"2";"4123659"
"19";"1";"507265"
"19";"7";"7689174"
"19";"1";"1207197"
"19";"1";"7684905"
"19";"8";"7694022"
"19";"3";"0"
"19";"1";"7404224"
"19";"1";"7694022"
"19";"1";"7694022"
"19";"1";"5841638"
"19";"1";"7766005"
"19";"2";"7694022"
"19";"2";"7766005"
"19";"1";"7728783"
"19";"2";"306182"
"19";"5";"1182678"
"19";"2";"7766005"
"19";"1";"7694022"
"19";"3";"7766005"
"19";"1";"1154816"
"19";"1";"7684905"
"19";"2";"304228"
"19";"3";"249654"
"19";"1";"7711803"
"19";"1";"7488298"
"19";"1";"5775642"
"19";"1";"8213853"
"19";"1";"6746551"
"19";"1";"341524"
"19";"3";"7476477"
"19";"3";"7794730"
"19";"1";"7006204"
"19";"1";"1790364"
"19";"1";"7694022"
"19";"1";"6121023"
"19";"1";"6841674"
"19";"2";"5843584"
"19";"2";"282727"
"19";"1";"7694022"
"19";"1";"7562783"
"19";"1";"2640866"
"19";"2";"5663964"
"19";"1";"5843584"
"19";"1";"7694022"
"19";"1";"6010355"
"19";"2";"5680389"
"19";"2";"8128044"
"19";"1";"5576456"
"19";"1";"5249749"
"19";"1";"8218189"
"19";"1";"7488298"
"19";"1";"7684905"
"19";"1";"5854507"
"19";"1";"4157342"
"19";"1";"5428778"
"19";"1";"7421148"
"19";"2";"5843584"
"19";"1";"1201760"
"19";"1";"7694022"
"19";"1";"7694022"
"19";"1";"950381"
"19";"1";"129795"
"19";"1";"7421148"
"19";"2";"8046320"
"19";"1";"5774508"
"19";"2";"272953"
"19";"1";"10058691"
"19";"1";"3869783"
"19";"1";"4117882"
"19";"1";"5428778"
"19";"1";"5493802"
"19";"1";"829627"
"19";"1";"316181"
"19";"1";"112102"
"20";"1";"1691238"
"20";"1";"1677226"
"20";"17";"1677226"
"20";"137";"0"
"20";"2";"1968043"
"20";"1";"1968043"
"20";"2";"1977182"
"20";"5";"1705561"
"20";"3";"2174499"
"20";"1";"1621583"
"20";"1";"1346031"
"20";"1";"2174499"
"20";"3";"574267"
"20";"6";"843387"
"20";"1";"396107"
"20";"1";"396107"
"20";"1";"4003563"
"20";"1";"2390185"
"20";"2";"1677226"
"20";"7";"1642866"
"20";"1";"1677226"
"20";"1";"11399784"
"20";"1";"11205381"
"20";"5";"650508"
"20";"1";"3809087"
"20";"5";"3809087"
"20";"1";"1263389"
"20";"7";"843387"
"20";"6";"1968043"
"20";"1";"1968043"
"20";"1";"10379254"
"20";"1";"1944650"
"20";"1";"8537020"
"20";"1";"8667935"
"20";"1";"0"
"20";"7";"1218474"
"20";"4";"644809"
"20";"1";"1440039"
"20";"3";"1346031"
"20";"1";"11267739"
"20";"1";"1346031"
"20";"5";"3132814"
"20";"2";"51691"
"20";"2";"697388"
"20";"1";"202788"
"20";"1";"202788"
"20";"1";"3995510"
"20";"1";"1758161"
"20";"1";"1619455"
"20";"2";"2342104"
"20";"1";"1218474"
"20";"1";"11164722"
"20";"2";"868955"
"20";"2";"644809"
"20";"1";"2174499"
"20";"1";"1735876"
"20";"1";"1677226"
"20";"1";"2012046"
"20";"1";"1677226"
"20";"1";"910701"
"20";"1";"1393359"
"20";"1";"1642866"
"20";"1";"3809087"
"20";"1";"3895534"
"20";"2";"6615374"
"20";"1";"1677226"
"20";"1";"10002958"
"20";"1";"7583227"
"20";"1";"8537020"
"20";"1";"11058086"
"20";"1";"9179731"
"20";"1";"9800869"
"20";"1";"1765003"
"20";"1";"4642249"
"20";"1";"10477455"
"20";"1";"1968043"
"20";"1";"10056823"
"21";"50";"7694022"
"21";"19";"7766005"
"21";"1";"7694022"
"21";"1";"7694022"
"21";"1";"5843584"
"21";"26";"7766005"
"21";"38";"0"
"21";"5";"8218189"
"21";"2";"5249749"
"21";"6";"7476477"
"21";"3";"7794730"
"21";"4";"7006204"
"21";"9";"7421148"
"21";"1";"7694022"
"21";"3";"7694022"
"21";"10";"7611523"
"21";"9";"7689174"
"21";"2";"1182678"
"21";"3";"7694022"
"21";"1";"5843584"
"21";"4";"6746551"
"21";"1";"7684905"
"21";"10";"8218189"
"21";"1";"7694022"
"21";"2";"7766005"
"21";"1";"5789645"
"21";"4";"7766005"
"21";"2";"7766005"
"21";"1";"5428778"
"21";"14";"6841674"
"21";"4";"7768396"
"21";"2";"7766005"
"21";"1";"7766005"
"21";"2";"249654"
"21";"1";"5576456"
"21";"1";"7766005"
"21";"1";"129795"
"21";"1";"7730022"
"21";"1";"7404224"
"21";"1";"7383068"
"21";"1";"7694022"
"21";"1";"2434397"
"21";"1";"3970901"
"21";"3";"8537020"
"21";"1";"7794730"
"21";"1";"5832333"
"21";"2";"6121023"
"21";"1";"7694022"
"21";"1";"8046320"
"21";"1";"507265"
"21";"2";"7794730"
"21";"1";"7644545"
"21";"1";"3940146"
"21";"1";"5843584"
"21";"1";"8169333"
"21";"1";"6746551"
"21";"1";"7794730"
"21";"1";"7694022"
"21";"1";"7251424"
"21";"1";"0"
"21";"1";"7766005"
"21";"1";"7006204"
"21";"1";"6660429"
"21";"1";"7404224"
"21";"1";"5296729"
"21";"2";"7694022"
"21";"1";"216768"
"21";"2";"6659776"
"21";"1";"829627"
"22";"2";"8547661"
"22";"8";"8121766"
"22";"37";"8252630"
"22";"4";"8376784"
"22";"7";"8376784"
"22";"13";"8168983"
"22";"18";"8664173"
"22";"5";"8301451"
"22";"52";"8195063"
"22";"1";"2993989"
"22";"1";"8252630"
"22";"1";"10315468"
"22";"49";"0"
"22";"3";"2782823"
"22";"1";"1007625"
"22";"1";"8264241"
"22";"3";"8256885"
"22";"2";"8850926"
"22";"3";"8009216"
"22";"2";"7581379"
"22";"2";"335421"
"22";"10";"8046361"
"22";"1";"8376784"
"22";"6";"8376784"
"22";"1";"1496463"
"22";"5";"8334110"
"22";"1";"6409936"
"22";"2";"7335888"
"22";"1";"360115"
"22";"1";"8301451"
"22";"3";"7758600"
"22";"1";"7820388"
"22";"2";"6950951"
"22";"3";"2330152"
"22";"3";"7441752"
"22";"2";"8519610"
"22";"1";"6674175"
"22";"1";"6374414"
"22";"1";"8121053"
"22";"1";"8095441"
"22";"1";"6424686"
"22";"1";"7581379"
"22";"1";"8252630"
"22";"2";"8789797"
"22";"1";"8377533"
"22";"2";"7722494"
"22";"1";"2980566"
"22";"1";"8436733"
"22";"2";"326978"
"22";"1";"1269534"
"22";"1";"8168983"
"22";"1";"7455044"
"22";"1";"8304217"
"22";"1";"8256885"
"22";"1";"8347709"
"22";"2";"9159872"
"22";"1";"342828"
"22";"1";"2104981"
"23";"11";"9897941"
"23";"32";"9411895"
"23";"2";"0"
"23";"53";"0"
"23";"19";"9178592"
"23";"11";"8735382"
"23";"4";"7301693"
"23";"9";"9411895"
"23";"2";"9727787"
"23";"5";"9178592"
"23";"1";"7301693"
"23";"2";"10235520"
"23";"14";"8914007"
"23";"1";"9329655"
"23";"11";"9371782"
"23";"13";"10265542"
"23";"2";"588463"
"23";"1";"595306"
"23";"1";"10498267"
"23";"6";"9398451"
"23";"1";"9411895"
"23";"3";"8992"
"23";"1";"9411895"
"23";"1";"9178592"
"23";"1";"8315302"
"23";"1";"11535"
"23";"1";"8914007"
"23";"2";"380075"
"23";"1";"570155"
"23";"1";"9411895"
"23";"1";"606219"
"23";"10";"9178592"
"23";"1";"9178592"
"23";"1";"9178592"
"23";"1";"9411895"
"23";"4";"0"
"23";"6";"0"
"23";"4";"10265542"
"23";"1";"9447047"
"23";"3";"9419881"
"23";"2";"9727787"
"23";"1";"9727787"
"23";"1";"6650081"
"23";"1";"9178592"
"23";"2";"8735382"
"23";"1";"9411895"
"23";"1";"8785957"
"23";"2";"7059221"
"23";"1";"7420957"
"23";"1";"7092174"
"23";"3";"11252"
"23";"1";"8951958"
"23";"2";"9187437"
"23";"5";"7968635"
"23";"1";"9897941"
"23";"1";"7059221"
"23";"1";"9178592"
"23";"1";"9171581"
"23";"1";"11640"
"23";"1";"8894462"
"23";"1";"10366825"
"23";"1";"7301693"
"23";"1";"7710217"
"23";"1";"397405"
"23";"1";"874709"
"24";"43";"8337524"
"24";"2";"8337524"
"24";"12";"8101958"
"24";"41";"0"
"24";"1";"8337524"
"24";"10";"8444197"
"24";"16";"8254035"
"24";"15";"8403371"
"24";"3";"7771377"
"24";"1";"7646194"
"24";"1";"6591592"
"24";"16";"8254427"
"24";"4";"8444197"
"24";"1";"8337524"
"24";"1";"8444197"
"24";"4";"8920178"
"24";"1";"5879604"
"24";"3";"326978"
"24";"1";"9011153"
"24";"6";"8337524"
"24";"2";"8337524"
"24";"2";"8334073"
"24";"1";"6794524"
"24";"1";"7558591"
"24";"9";"8107859"
"24";"1";"2597712"
"24";"1";"8403371"
"24";"3";"8444197"
"24";"1";"8107859"
"24";"2";"5973627"
"24";"6";"8403316"
"24";"1";"8444197"
"24";"1";"2247082"
"24";"1";"8444197"
"24";"1";"6363223"
"24";"8";"8785950"
"24";"5";"8192467"
"24";"1";"8403371"
"24";"5";"7510384"
"24";"4";"6929124"
"24";"1";"433057"
"24";"1";"8392553"
"24";"1";"924109"
"24";"1";"332975"
"24";"4";"8651520"
"24";"1";"6845888"
"24";"1";"6929124"
"24";"2";"8651959"
"24";"1";"6451073"
"24";"3";"8536748"
"24";"1";"8165923"
"24";"1";"6050959"
"24";"2";"528577"
"24";"1";"7476596"
"24";"1";"754875"
"24";"1";"1821445"
"24";"1";"590804"
"24";"1";"8432867"
"24";"1";"7533015"
"24";"2";"8403371"
"24";"1";"8559445"
"24";"1";"6565774"
"24";"2";"402642"
"24";"1";"8254035"
"24";"1";"1469365"
"24";"1";"8444777"
"24";"1";"79580"
"24";"1";"4367110"
"24";"1";"561438"
"24";"1";"79580"
"24";"1";"9341173"
"25";"17";"8396462"
"25";"10";"8359654"
"25";"7";"6946195"
"25";"1";"8163290"
"25";"5";"6062828"
"25";"1";"8369694"
"25";"46";"0"
"25";"1";"6247956"
"25";"5";"7749423"
"25";"1";"6275192"
"25";"3";"502571"
"25";"4";"9250200"
"25";"2";"8717591"
"25";"2";"6275192"
"25";"3";"8152442"
"25";"6";"8417815"
"25";"3";"7448377"
"25";"1";"6275192"
"25";"15";"6275192"
"25";"2";"2429"
"25";"1";"6946195"
"25";"3";"8396462"
"25";"3";"8396462"
"25";"1";"8396462"
"25";"13";"8152442"
"25";"1";"8406310"
"25";"5";"7897405"
"25";"2";"7897405"
"25";"1";"8152442"
"25";"1";"8152442"
"25";"1";"8146618"
"25";"1";"8152442"
"25";"1";"8396462"
"25";"1";"8396462"
"25";"1";"10747427"
"25";"8";"6182308"
"25";"1";"1446910"
"25";"2";"6072168"
"25";"4";"6275192"
"25";"1";"6269423"
"25";"1";"7490209"
"25";"1";"9480660"
"25";"6";"9250200"
"25";"2";"2429"
"25";"1";"9250200"
"25";"1";"8459865"
"25";"4";"8323395"
"25";"3";"6132416"
"25";"6";"0"
"25";"3";"8879466"
"25";"3";"8717591"
"25";"1";"8717591"
"25";"1";"8375553"
"25";"2";"7912359"
"25";"1";"288430"
"25";"1";"8382840"
"25";"2";"6062828"
"25";"1";"6161118"
"25";"2";"6062828"
"25";"1";"6275192"
"25";"1";"8418890"
"25";"2";"9220607"
"25";"1";"9361923"
"25";"4";"6946195"
"25";"1";"8058855"
"25";"1";"8152442"
"25";"1";"502571"
"25";"1";"6315291"
"25";"1";"6182308"
"25";"1";"8437425"
"25";"1";"8586426"
"25";"2";"6247956"
"25";"1";"6247956"
"25";"1";"6902555"
"25";"1";"372268"
"25";"2";"7912359"
"25";"1";"9469859"
"25";"1";"8418890"
"25";"1";"2429"
"25";"2";"8256373"
"25";"1";"6506593"
"25";"1";"328337"
"25";"1";"8717591"
"25";"1";"7755461"
"25";"1";"8396462"
"25";"2";"9361923"
"25";"1";"8396462"
"25";"1";"162146"
"25";"1";"8157920"
"25";"2";"8631345"
"25";"1";"8638121"
"25";"1";"5775642"
"25";"1";"487954"
"25";"1";"417577"
"25";"1";"529507"
"25";"1";"1445989"
"26";"29";"9411895"
"26";"8";"9178592"
"26";"1";"8914007"
"26";"4";"10265542"
"26";"2";"9294610"
"26";"1";"9192413"
"26";"3";"9897941"
"26";"7";"9371782"
"26";"1";"9244893"
"26";"48";"0"
"26";"12";"7301693"
"26";"1";"8937440"
"26";"3";"9419881"
"26";"6";"0"
"26";"2";"9411895"
"26";"2";"9897941"
"26";"8";"9411895"
"26";"3";"9398451"
"26";"1";"5843584"
"26";"1";"595306"
"26";"5";"7206882"
"26";"5";"8735382"
"26";"11";"8914007"
"26";"1";"8914007"
"26";"1";"9178592"
"26";"13";"9178592"
"26";"3";"9178592"
"26";"1";"9411895"
"26";"1";"9178592"
"26";"6";"7968635"
"26";"2";"9411895"
"26";"3";"9171581"
"26";"1";"9178592"
"26";"1";"9411895"
"26";"1";"7301693"
"26";"14";"10265542"
"26";"3";"0"
"26";"1";"9627135"
"26";"2";"9384816"
"26";"1";"0"
"26";"1";"0"
"26";"5";"7059221"
"26";"1";"8873887"
"26";"1";"10485978"
"26";"1";"0"
"26";"3";"9371782"
"26";"1";"9244893"
"26";"2";"7059221"
"26";"1";"11640"
"26";"1";"477519"
"26";"1";"7968635"
"26";"1";"9178592"
"26";"1";"10235520"
"26";"1";"8785957"
"26";"1";"9411895"
"26";"1";"9306689"
"26";"1";"9178592"
"26";"1";"456234"
"26";"1";"1214097"
"26";"1";"9411895"
"26";"1";"9680198"
"26";"1";"7268387"
"26";"1";"9553836"
"26";"1";"9727787"
"26";"1";"9457647"
"26";"1";"9073960"
"26";"1";"393222"
"26";"1";"205172"
"26";"1";"308072"
"26";"1";"1108204"
"26";"1";"7059221"
"26";"1";"8894462"
"27";"28";"8806503"
"27";"5";"9629494"
"27";"60";"0"
"27";"3";"8307246"
"27";"10";"8773215"
"27";"6";"0"
"27";"1";"823431"
"27";"1";"9132330"
"27";"3";"9058883"
"27";"9";"9658568"
"27";"1";"8488200"
"27";"2";"8550126"
"27";"3";"7351423"
"27";"6";"9658568"
"27";"2";"8815648"
"27";"6";"8806503"
"27";"1";"8147780"
"27";"1";"8806503"
"27";"2";"6676866"
"27";"1";"6676866"
"27";"1";"6676866"
"27";"1";"6676866"
"27";"9";"8550126"
"27";"3";"8550126"
"27";"5";"9285132"
"27";"1";"6298386"
"27";"1";"8307246"
"27";"1";"8307246"
"27";"1";"8550126"
"27";"2";"8186004"
"27";"1";"8542419"
"27";"1";"8806503"
"27";"2";"9132330"
"27";"1";"10477455"
"27";"1";"0"
"27";"1";"10478170"
"27";"6";"8840625"
"27";"1";"8806503"
"27";"1";"504806"
"27";"1";"8499895"
"27";"1";"1006268"
"27";"1";"8742678"
"27";"1";"9132330"
"27";"1";"900935"
"27";"1";"8351208"
"27";"1";"898497"
"27";"1";"8773215"
"27";"1";"8886160"
"27";"2";"11584247"
"27";"2";"6495657"
"27";"2";"6482578"
"27";"1";"6980022"
"27";"1";"10477455"
"27";"1";"7903122"
"27";"2";"9780318"
"27";"1";"6482578"
"27";"2";"9132330"
"27";"2";"6586795"
"27";"1";"8545095"
"27";"6";"7351423"
"27";"1";"840012"
"27";"1";"6773754"
"27";"1";"6878949"
"27";"1";"6878949"
"27";"1";"9578790"
"27";"1";"254790"
"27";"1";"10477455"
"27";"1";"8792718"
"27";"1";"9876935"
"27";"1";"8729020"
"27";"1";"7553558"
"27";"1";"9285132"
"27";"1";"8043333"
"27";"1";"8806503"
"27";"1";"8806503"
"27";"1";"6555312"
"27";"1";"9780318"
"27";"1";"8488200"
"27";"1";"9196381"
"27";"1";"8718639"
"27";"1";"6676866"
"27";"1";"8662069"
"27";"1";"1212332"
"27";"1";"9630399"
"27";"1";"504806"
"27";"1";"8452279"
"27";"1";"693496"
"27";"1";"9117483"
"27";"1";"8534691"
"27";"1";"9677051"
"28";"7";"7031966"
"28";"37";"7658987"
"28";"25";"0"
"28";"1";"6116429"
"28";"3";"5848723"
"28";"4";"6802528"
"28";"4";"7746848"
"28";"3";"7744961"
"28";"17";"7405641"
"28";"8";"7575943"
"28";"1";"8152708"
"28";"10";"8152708"
"28";"23";"7746848"
"28";"1";"7746848"
"28";"7";"6816916"
"28";"1";"1509738"
"28";"1";"5766063"
"28";"1";"5902400"
"28";"16";"7654749"
"28";"1";"7658987"
"28";"1";"272953"
"28";"2";"7368805"
"28";"1";"7433331"
"28";"1";"7499111"
"28";"3";"7744961"
"28";"2";"5367111"
"28";"1";"7749720"
"28";"1";"7708757"
"28";"1";"7746848"
"28";"2";"7746848"
"28";"1";"7746848"
"28";"1";"6816916"
"28";"2";"7368805"
"28";"1";"7658987"
"28";"1";"5840269"
"28";"2";"8152708"
"28";"1";"5744708"
"28";"1";"8152708"
"28";"1";"8152708"
"28";"1";"7658987"
"28";"1";"7454986"
"28";"1";"7744961"
"28";"1";"6816916"
"28";"1";"5736134"
"28";"1";"6460594"
"28";"1";"7575943"
"28";"2";"6173886"
"28";"1";"7713595"
"28";"1";"8033729"
"28";"1";"6719354"
"28";"1";"7652897"
"28";"1";"7405641"
"28";"2";"3660566"
"28";"2";"7658987"
"28";"3";"7995671"
"28";"1";"7658987"
"28";"1";"7746848"
"28";"1";"7658987"
"28";"1";"8298920"
"28";"1";"7119302"
"28";"1";"7658987"
"28";"1";"6849388"
"28";"1";"7031817"
"28";"1";"8064134"
"28";"1";"3729400"
"28";"2";"7658987"
"28";"1";"7627306"
"28";"1";"7744961"
"28";"2";"6123187"
"28";"1";"430540"
"28";"1";"2446958"
"28";"1";"3854583"
"28";"1";"7119302"
"28";"1";"1002817"
"28";"1";"6578461"
"29";"18";"10663852"
"29";"33";"10438396"
"29";"20";"10359124"
"29";"5";"10663852"
"29";"9";"10387205"
"29";"2";"10663852"
"29";"7";"10563098"
"29";"36";"0"
"29";"1";"3427110"
"29";"2";"10419890"
"29";"1";"10438396"
"29";"3";"10438396"
"29";"4";"3859852"
"29";"1";"8941624"
"29";"3";"10160149"
"29";"3";"10470843"
"29";"3";"8947455"
"29";"2";"2824220"
"29";"4";"9775897"
"29";"1";"3797031"
"29";"1";"10540008"
"29";"3";"4322382"
"29";"3";"10340622"
"29";"1";"8959015"
"29";"4";"9723750"
"29";"1";"10175744"
"29";"2";"10663852"
"29";"1";"2352583"
"29";"1";"8536545"
"29";"1";"10438396"
"29";"2";"558941"
"29";"1";"10663852"
"29";"2";"3225891"
"29";"4";"10663852"
"29";"2";"4318326"
"29";"1";"10438396"
"29";"1";"10440380"
"29";"1";"4156093"
"29";"1";"8947455"
"29";"2";"9099960"
"29";"1";"10563098"
"29";"1";"8565379"
"29";"1";"10370703"
"29";"1";"10548979"
"29";"1";"8937368"
"29";"3";"719983"
"29";"1";"10359124"
"29";"1";"10438396"
"29";"1";"10586017"
"29";"2";"10582786"
"29";"1";"12688426"
"29";"1";"10352381"
"29";"2";"10364653"
"29";"2";"10364653"
"29";"1";"10438396"
"29";"1";"8597273"
"29";"1";"10663852"
"29";"1";"3382129"
"29";"1";"10071136"
"29";"1";"10670768"
"29";"2";"10370703"
"29";"1";"10438396"
"29";"1";"10563098"
"29";"1";"2476485"
"29";"1";"8573937"
"29";"1";"1083664"
"29";"1";"10438396"
"29";"1";"88234"
"29";"1";"9110414"
"29";"1";"9110414"
"29";"1";"8958927"
"29";"1";"3880284"
"29";"1";"3937933"
"29";"1";"1871323"
"29";"1";"8610073"
"29";"1";"3625705"
"29";"1";"4039411"
"29";"1";"3045822"
"29";"1";"2509451"
"30";"50";"8260532"
"30";"28";"0"
"30";"3";"8260041"
"30";"5";"8366206"
"30";"1";"1411231"
"30";"5";"7432525"
"30";"11";"8029611"
"30";"17";"8177060"
"30";"4";"7479227"
"30";"2";"7970695"
"30";"5";"8576328"
"30";"1";"7861707"
"30";"18";"8366206"
"30";"2";"8029611"
"30";"4";"8366206"
"30";"1";"8260041"
"30";"5";"8369586"
"30";"4";"7691844"
"30";"1";"7595566"
"30";"1";"8279380"
"30";"8";"8025515"
"30";"7";"8257036"
"30";"1";"8260532"
"30";"1";"8260532"
"30";"1";"8475135"
"30";"1";"627262"
"30";"1";"8366206"
"30";"1";"8029611"
"30";"1";"79580"
"30";"1";"8366206"
"30";"3";"8366206"
"30";"1";"8327578"
"30";"1";"8349602"
"30";"1";"8366206"
"30";"1";"764064"
"30";"2";"8366206"
"30";"1";"7970695"
"30";"1";"686408"
"30";"1";"8366206"
"30";"1";"8260532"
"30";"1";"5961543"
"30";"1";"6038570"
"30";"1";"8260532"
"30";"1";"8260532"
"30";"1";"8882888"
"30";"2";"8271628"
"30";"1";"6849726"
"30";"1";"8578438"
"30";"2";"8711835"
"30";"1";"7397301"
"30";"1";"6007805"
"30";"1";"8085522"
"30";"2";"7970695"
"30";"1";"7970695"
"30";"1";"903245"
"30";"1";"8176075"
"30";"1";"8260532"
"30";"1";"8025515"
"30";"1";"6017144"
"30";"1";"8687331"
"30";"1";"8260041"
"30";"1";"8177060"
"30";"1";"6123517"
"30";"1";"8366206"
"30";"1";"2341648"
"30";"1";"829627"
"30";"1";"8711835"
"30";"1";"3290191"
"30";"1";"847627"
"31";"38";"9411895"
"31";"14";"9371782"
"31";"6";"8914007"
"31";"48";"0"
"31";"18";"9178592"
"31";"3";"9171581"
"31";"3";"11252"
"31";"1";"7268387"
"31";"5";"0"
"31";"16";"10265542"
"31";"1";"311426"
"31";"2";"9178592"
"31";"2";"9178592"
"31";"7";"7301693"
"31";"1";"9859362"
"31";"3";"9419881"
"31";"2";"8992"
"31";"2";"0"
"31";"7";"7968635"
"31";"3";"9178592"
"31";"4";"10265542"
"31";"1";"9178592"
"31";"2";"9411895"
"31";"1";"0"
"31";"1";"0"
"31";"2";"9411895"
"31";"1";"9727787"
"31";"1";"9244893"
"31";"2";"9727787"
"31";"2";"7206882"
"31";"1";"393680"
"31";"1";"1454343"
"31";"2";"7059221"
"31";"1";"7420957"
"31";"1";"585777"
"31";"1";"7968635"
"31";"2";"9187437"
"31";"3";"9897941"
"31";"2";"8894462"
"31";"1";"10485978"
"31";"1";"7968635"
"31";"1";"816970"
"31";"2";"831091"
"31";"1";"9411895"
"31";"1";"8785957"
"31";"1";"9178592"
"31";"2";"10235520"
"31";"1";"9371782"
"31";"1";"0"
"31";"2";"8735382"
"31";"1";"1053626"
"31";"1";"0"
"31";"1";"9897941"
"31";"1";"9411895"
"31";"1";"9411895"
"31";"1";"205172"
"31";"1";"402977"
"31";"1";"1454343"
"32";"2";"10305449"
"32";"47";"10373673"
"32";"1";"4343046"
"32";"1";"8661553"
"32";"1";"8520114"
"32";"9";"10602628"
"32";"17";"10602628"
"32";"6";"10602628"
"32";"24";"0"
"32";"2";"10602628"
"32";"1";"9718574"
"32";"4";"10301948"
"32";"1";"8566242"
"32";"3";"10375830"
"32";"1";"10602628"
"32";"16";"10294739"
"32";"4";"8682598"
"32";"1";"973875"
"32";"1";"10294739"
"32";"6";"10481497"
"32";"1";"10373673"
"32";"2";"10407123"
"32";"1";"4339018"
"32";"2";"3055185"
"32";"8";"10094745"
"32";"6";"10328842"
"32";"1";"3244311"
"32";"1";"10602628"
"32";"9";"10488471"
"32";"1";"2353376"
"32";"1";"8338730"
"32";"1";"10609651"
"32";"1";"10301948"
"32";"2";"102169"
"32";"1";"3307067"
"32";"1";"10301948"
"32";"1";"10336817"
"32";"2";"10305449"
"32";"1";"10488471"
"32";"2";"3754449"
"32";"1";"4051582"
"32";"1";"10388460"
"32";"1";"9163711"
"32";"1";"10551360"
"32";"1";"2663506"
"32";"1";"10602628"
"32";"1";"10165938"
"32";"1";"3637366"
"32";"1";"10504038"
"32";"1";"10512415"
"32";"1";"10512804"
"32";"1";"10602628"
"32";"3";"10319518"
"32";"1";"10094745"
"32";"2";"1183816"
"32";"1";"10373673"
"32";"1";"8425963"
"32";"1";"10276273"
"32";"2";"3899379"
"32";"1";"10661544"
"32";"2";"9690612"
"32";"1";"1024244"
"32";"1";"11946812"
"32";"1";"3650971"
"32";"1";"10319518"
"32";"1";"3857581"
"32";"1";"2950474"
"32";"1";"9163711"
"32";"1";"10112585"
"32";"1";"10373673"
"33";"24";"9419201"
"33";"14";"8921344"
"33";"10";"9379027"
"33";"4";"9426945"
"33";"2";"9186116"
"33";"57";"0"
"33";"5";"594768"
"33";"18";"9186116"
"33";"1";"9179112"
"33";"2";"10272831"
"33";"2";"5970976"
"33";"1";"9419201"
"33";"2";"9419201"
"33";"3";"8992"
"33";"4";"9419201"
"33";"1";"9379027"
"33";"2";"11069754"
"33";"3";"9186116"
"33";"2";"7309255"
"33";"4";"8742199"
"33";"5";"8921344"
"33";"1";"9121487"
"33";"1";"7309255"
"33";"3";"8992"
"33";"5";"9186116"
"33";"1";"9186116"
"33";"3";"8992"
"33";"1";"9186116"
"33";"1";"9419201"
"33";"1";"9443815"
"33";"4";"9905298"
"33";"1";"9734990"
"33";"1";"8992"
"33";"1";"12572"
"33";"1";"8793581"
"33";"2";"8992"
"33";"1";"8992"
"33";"1";"8992"
"33";"8";"7976103"
"33";"4";"7214406"
"33";"1";"7976103"
"33";"2";"7274747"
"33";"2";"10272831"
"33";"1";"9910997"
"33";"1";"9405761"
"33";"1";"8901214"
"33";"1";"9198488"
"33";"1";"7309255"
"33";"1";"9845053"
"33";"1";"7099611"
"33";"1";"1062034"
"33";"1";"840012"
"33";"1";"7066253"
"34";"1";"7054569"
"34";"6";"9893913"
"34";"46";"0"
"34";"1";"8730349"
"34";"26";"9407766"
"34";"9";"9367533"
"34";"15";"9174916"
"34";"8";"9167919"
"34";"3";"9723455"
"34";"1";"10362286"
"34";"5";"11252"
"34";"3";"9174916"
"34";"3";"9174916"
"34";"7";"8730349"
"34";"2";"7414487"
"34";"3";"7298099"
"34";"12";"10261378"
"34";"1";"11252"
"34";"2";"11252"
"34";"3";"11252"
"34";"5";"9407766"
"34";"4";"11252"
"34";"1";"9407766"
"34";"2";"11252"
"34";"1";"402211"
"34";"1";"1118906"
"34";"4";"7964839"
"34";"4";"12572"
"34";"1";"9174916"
"34";"4";"11252"
"34";"1";"266712"
"34";"1";"9723455"
"34";"1";"11252"
"34";"1";"8889319"
"34";"1";"7054569"
"34";"1";"342288"
"34";"1";"7203207"
"34";"2";"9174916"
"34";"1";"7964839"
"34";"1";"11252"
"34";"3";"8909941"
"34";"1";"6370915"
"34";"1";"6688772"
"34";"1";"8948142"
"34";"2";"10261378"
"34";"1";"7088315"
"34";"1";"9675307"
"34";"1";"7298099"
"34";"2";"10247165"
"34";"1";"9418270"
"34";"1";"9415288"
"34";"1";"11058086"
"34";"1";"284498"
"35";"3";"9897941"
"35";"51";"9411895"
"35";"6";"9411895"
"35";"22";"9178592"
"35";"2";"9727787"
"35";"14";"8914007"
"35";"10";"9371782"
"35";"2";"7206882"
"35";"7";"0"
"35";"1";"879381"
"35";"1";"831091"
"35";"1";"283243"
"35";"1";"9411895"
"35";"2";"499205"
"35";"3";"9582"
"35";"3";"7420957"
"35";"15";"10265542"
"35";"1";"11252"
"35";"3";"0"
"35";"1";"5539564"
"35";"5";"9398451"
"35";"4";"9419881"
"35";"1";"11062700"
"35";"1";"8914007"
"35";"1";"294327"
"35";"2";"9178592"
"35";"2";"9171581"
"35";"1";"8981143"
"35";"2";"263409"
"35";"1";"9178592"
"35";"1";"477519"
"35";"3";"595306"
"35";"3";"0"
"35";"4";"7301693"
"35";"1";"9329655"
"35";"2";"0"
"35";"1";"0"
"35";"1";"71815"
"35";"2";"9329655"
"35";"3";"8735382"
"35";"1";"7726830"
"35";"2";"9073960"
"35";"1";"0"
"35";"1";"9187437"
"35";"2";"7968635"
"35";"1";"9338253"
"35";"1";"9244893"
"35";"2";"344156"
"35";"1";"8735382"
"35";"1";"9178592"
"35";"2";"9680198"
"35";"1";"11535"
"35";"1";"6960494"
"35";"1";"688319"
"35";"1";"1454343"
"35";"1";"411993"
"35";"1";"9422375"
"35";"1";"588463"
"36";"2";"8409890"
"36";"32";"8409890"
"36";"3";"8409890"
"36";"1";"8460503"
"36";"16";"8533884"
"36";"38";"0"
"36";"12";"8533884"
"36";"5";"8533884"
"36";"1";"369371"
"36";"4";"7598852"
"36";"1";"7524930"
"36";"2";"7551950"
"36";"1";"462737"
"36";"1";"8409890"
"36";"2";"8533884"
"36";"2";"7730384"
"36";"1";"1182678"
"36";"1";"6393719"
"36";"1";"1406447"
"36";"11";"8326242"
"36";"3";"8407150"
"36";"6";"8166398"
"36";"1";"6414496"
"36";"1";"8409890"
"36";"1";"9002882"
"36";"1";"8533884"
"36";"2";"8203289"
"36";"1";"203618"
"36";"4";"8533884"
"36";"1";"8533884"
"36";"5";"8533884"
"36";"2";"8533884"
"36";"1";"7064036"
"36";"1";"8533884"
"36";"5";"8820126"
"36";"1";"690008"
"36";"1";"8409890"
"36";"1";"607108"
"36";"1";"8796771"
"36";"1";"7141672"
"36";"2";"8414148"
"36";"3";"8458403"
"36";"1";"7612287"
"36";"1";"7099973"
"36";"2";"287334"
"36";"1";"8166398"
"36";"1";"8537810"
"36";"1";"8409890"
"36";"1";"8409890"
"36";"1";"6332641"
"36";"1";"2774823"
"36";"1";"670561"
"36";"1";"8704520"
"36";"1";"1384352"
"36";"1";"6712236"
"36";"1";"8704520"
"36";"2";"157401"
"36";"1";"6784525"
"36";"1";"7804703"
"36";"1";"1300429"
"36";"1";"8197765"
"36";"1";"326309"
"36";"2";"1410277"
"36";"1";"2747068"
"36";"1";"6227714"
"36";"1";"6188663"
"36";"1";"1002817"
"37";"14";"8174129"
"37";"2";"7656668"
"37";"45";"7663948"
"37";"1";"6759476"
"37";"1";"410810"
"37";"8";"7743381"
"37";"15";"7743381"
"37";"19";"0"
"37";"5";"6759476"
"37";"12";"7581173"
"37";"2";"6132248"
"37";"2";"241755"
"37";"2";"1319205"
"37";"1";"8060368"
"37";"1";"7745999"
"37";"8";"7659384"
"37";"1";"7675033"
"37";"1";"7663948"
"37";"1";"6759476"
"37";"9";"7400148"
"37";"1";"7663948"
"37";"2";"7743381"
"37";"2";"7663948"
"37";"1";"764064"
"37";"1";"7743381"
"37";"1";"7743381"
"37";"2";"7743381"
"37";"1";"7663948"
"37";"1";"7663948"
"37";"3";"8477825"
"37";"1";"7676520"
"37";"1";"7663948"
"37";"1";"7757829"
"37";"1";"1102612"
"37";"3";"6816170"
"37";"3";"8009074"
"37";"2";"7743381"
"37";"2";"7373895"
"37";"1";"764064"
"37";"1";"7743381"
"37";"1";"5550596"
"37";"7";"7004660"
"37";"1";"129795"
"37";"1";"5973046"
"37";"1";"7400148"
"37";"1";"7743381"
"37";"1";"5453657"
"37";"1";"8024895"
"37";"1";"8084688"
"37";"1";"7663948"
"37";"1";"7743381"
"37";"1";"7400148"
"37";"1";"6298386"
"37";"1";"5864282"
"37";"1";"978442"
"37";"1";"3823652"
"37";"1";"6674758"
"37";"1";"3335366"
"37";"1";"433965"
"37";"1";"7656668"
"37";"1";"3847879"
"37";"1";"414398"
"38";"1";"9392073"
"38";"1";"5505640"
"38";"28";"9580214"
"38";"21";"9372590"
"38";"9";"9372590"
"38";"29";"0"
"38";"21";"9533541"
"38";"4";"7508079"
"38";"8";"10428413"
"38";"3";"281902"
"38";"1";"1405793"
"38";"1";"7461286"
"38";"1";"8161237"
"38";"1";"9580214"
"38";"1";"9533541"
"38";"1";"9480206"
"38";"10";"9087886"
"38";"1";"262068"
"38";"8";"7208729"
"38";"4";"8854939"
"38";"2";"9511094"
"38";"2";"9416375"
"38";"1";"171006"
"38";"2";"9883420"
"38";"2";"9580214"
"38";"4";"9562035"
"38";"1";"9480206"
"38";"1";"9889372"
"38";"1";"6531512"
"38";"1";"11713287"
"38";"1";"1186472"
"38";"1";"295522"
"38";"3";"7409416"
"38";"1";"8854939"
"38";"3";"8161237"
"38";"3";"10069851"
"38";"1";"9006791"
"38";"2";"9567229"
"38";"1";"9580214"
"38";"1";"10649161"
"38";"1";"903036"
"38";"1";"8993298"
"38";"1";"9238835"
"38";"1";"9087886"
"38";"1";"8387212"
"38";"1";"9372590"
"38";"1";"73028"
"38";"1";"320145"
"38";"3";"203548"
"38";"1";"93248"
"38";"1";"0"
"38";"1";"9591937"
"38";"1";"1884558"
"39";"34";"9229586"
"39";"2";"9204641"
"39";"42";"0"
"39";"15";"8597915"
"39";"15";"9336027"
"39";"1";"8528635"
"39";"6";"9456941"
"39";"3";"9150398"
"39";"1";"8597915"
"39";"1";"9231611"
"39";"1";"508337"
"39";"3";"9183425"
"39";"2";"9456941"
"39";"1";"2319662"
"39";"1";"711665"
"39";"1";"6650456"
"39";"1";"9229586"
"39";"2";"9456941"
"39";"6";"9197364"
"39";"1";"9456941"
"39";"1";"8456806"
"39";"3";"9021414"
"39";"1";"8743636"
"39";"3";"8951233"
"39";"2";"9362610"
"39";"1";"3022331"
"39";"1";"8862752"
"39";"4";"9147716"
"39";"1";"9162641"
"39";"1";"9162641"
"39";"4";"8573628"
"39";"2";"161527"
"39";"1";"2238929"
"39";"2";"1206365"
"39";"1";"8395625"
"39";"2";"8597915"
"39";"1";"9155330"
"39";"1";"8579653"
"39";"1";"1062120"
"39";"1";"8967501"
"39";"1";"8768303"
"39";"1";"9228203"
"39";"1";"8743636"
"39";"3";"9262349"
"39";"1";"1603662"
"39";"2";"9191219"
"39";"1";"8040798"
"39";"1";"2568865"
"39";"2";"2642855"
"39";"1";"954454"
"39";"1";"7546537"
"39";"2";"9362610"
"39";"1";"9211909"
"39";"1";"2330152"
"39";"1";"9405711"
"39";"1";"2083847"
"39";"1";"2328786"
"39";"1";"9375969"
"39";"1";"1208933"
"39";"1";"3665265"
"39";"1";"2013396"
"39";"1";"1005084"
"40";"33";"11061726"
"40";"3";"10797448"
"40";"18";"11234706"
"40";"14";"10979021"
"40";"1";"10797448"
"40";"5";"11061248"
"40";"8";"11325763"
"40";"1";"3305167"
"40";"2";"10491960"
"40";"3";"11445729"
"40";"2";"191965"
"40";"3";"10723507"
"40";"2";"11234706"
"40";"1";"11234706"
"40";"10";"0"
"40";"11";"10923453"
"40";"1";"3908856"
"40";"5";"10848424"
"40";"3";"11075608"
"40";"1";"11044399"
"40";"1";"11061726"
"40";"1";"11061726"
"40";"1";"7589668"
"40";"1";"11116713"
"40";"1";"11061726"
"40";"7";"10308679"
"40";"1";"7827845"
"40";"1";"9939300"
"40";"2";"10569684"
"40";"1";"11234706"
"40";"1";"1779711"
"40";"1";"11055116"
"40";"5";"11234706"
"40";"1";"11283704"
"40";"2";"3358275"
"40";"1";"11234706"
"40";"1";"2585103"
"40";"2";"11325763"
"40";"1";"7521410"
"40";"1";"8171538"
"40";"1";"11078827"
"40";"1";"11325763"
"40";"1";"11051833"
"40";"1";"2989057"
"40";"1";"3056187"
"40";"1";"10723507"
"40";"2";"8381006"
"40";"2";"10355746"
"40";"1";"10781619"
"40";"1";"2664824"
"40";"1";"3290236"
"40";"2";"10723507"
"40";"1";"11283704"
"40";"1";"8378704"
"40";"1";"7074608"
"40";"1";"3663715"
"40";"1";"11020794"
"40";"1";"11212954"
"40";"1";"9033426"
"40";"1";"10428218"
"40";"1";"10748004"
"40";"1";"11408468"
"40";"1";"11092100"
"40";"1";"3869034"
"40";"1";"8416179"
"40";"1";"11061726"
"40";"1";"92742"
"40";"1";"3633539"
"40";"1";"7932851"
"40";"1";"8296295"
"40";"2";"7537346"
"40";"1";"7589668"
"40";"1";"3803042"
"40";"1";"7304085"
"40";"1";"1991329"
"41";"53";"8013555"
"41";"24";"0"
"41";"1";"8125006"
"41";"9";"8075696"
"41";"3";"5792415"
"41";"2";"7472532"
"41";"4";"8083585"
"41";"1";"6861325"
"41";"3";"7872243"
"41";"1";"8013555"
"41";"10";"7930007"
"41";"7";"8125006"
"41";"1";"767310"
"41";"7";"7776108"
"41";"10";"8455174"
"41";"1";"8319630"
"41";"1";"7849600"
"41";"2";"445449"
"41";"1";"8013555"
"41";"1";"921035"
"41";"2";"7790384"
"41";"1";"532111"
"41";"1";"3382129"
"41";"2";"8125006"
"41";"1";"8125006"
"41";"2";"1010011"
"41";"1";"7738031"
"41";"2";"7277568"
"41";"2";"8010278"
"41";"1";"668791"
"41";"2";"1149295"
"41";"3";"610316"
"41";"1";"8013555"
"41";"2";"7190561"
"41";"1";"7930007"
"41";"1";"6703399"
"41";"2";"8013555"
"41";"1";"7059648"
"41";"6";"7937675"
"41";"1";"7841430"
"41";"1";"7802560"
"41";"1";"8588458"
"41";"1";"8125006"
"41";"1";"7479300"
"41";"1";"6242257"
"41";"1";"8125006"
"41";"1";"6647322"
"41";"1";"8038222"
"41";"1";"8455174"
"41";"1";"6793618"
"41";"1";"10791980"
"41";"1";"891233"
"41";"1";"7573397"
"41";"1";"4035983"
"41";"1";"1598227"
"41";"1";"526125"
"41";"1";"537079"
"42";"18";"9400631"
"42";"12";"9360548"
"42";"14";"9167232"
"42";"1";"9716574"
"42";"1";"8940626"
"42";"20";"10254286"
"42";"1";"8926137"
"42";"1";"9400631"
"42";"3";"9167232"
"42";"1";"9167232"
"42";"1";"8902729"
"42";"3";"11535"
"42";"31";"0"
"42";"1";"9400631"
"42";"1";"9408740"
"42";"2";"9167232"
"42";"20";"8902729"
"42";"4";"9326972"
"42";"1";"11674679"
"42";"1";"5841638"
"42";"6";"7290319"
"42";"3";"9167232"
"42";"1";"11535"
"42";"1";"9176094"
"42";"8";"8724381"
"42";"1";"9167232"
"42";"1";"9185788"
"42";"1";"9400631"
"42";"1";"11535"
"42";"2";"9387186"
"42";"1";"9731434"
"42";"1";"9716574"
"42";"3";"299943"
"42";"1";"487698"
"42";"1";"9338337"
"42";"1";"7048099"
"42";"1";"9318475"
"42";"1";"9167232"
"42";"1";"9160219"
"42";"4";"9886654"
"42";"1";"9283525"
"42";"1";"349819"
"42";"1";"7195523"
"42";"2";"7080851"
"42";"1";"416334"
"42";"1";"1055924"
"42";"1";"10355668"
"42";"1";"411536"
"42";"1";"639963"
"42";"1";"7957299"
"42";"1";"9716574"
"42";"1";"9400631"
"42";"1";"728134"
"42";"1";"8774558"
"43";"12";"10151701"
"43";"44";"0"
"43";"6";"10151701"
"43";"17";"9838704"
"43";"5";"10019681"
"43";"8";"9883199"
"43";"1";"9864085"
"43";"20";"9917086"
"43";"2";"10151701"
"43";"1";"9179422"
"43";"3";"9952106"
"43";"8";"9275215"
"43";"1";"8825351"
"43";"2";"9637199"
"43";"1";"9917086"
"43";"3";"9917086"
"43";"1";"0"
"43";"5";"9919513"
"43";"1";"10158909"
"43";"6";"10048031"
"43";"1";"516124"
"43";"1";"9917086"
"43";"1";"10035504"
"43";"2";"3696290"
"43";"2";"10151701"
"43";"1";"8701595"
"43";"1";"10151701"
"43";"1";"10151701"
"43";"2";"2862014"
"43";"3";"9839619"
"43";"3";"9883199"
"43";"1";"10019681"
"43";"1";"9838704"
"43";"1";"9917086"
"43";"1";"9951367"
"43";"4";"9902513"
"43";"1";"9902513"
"43";"1";"8257876"
"43";"1";"10220647"
"43";"1";"9137301"
"43";"1";"9710355"
"43";"1";"9726400"
"43";"1";"9914358"
"43";"1";"3729400"
"43";"1";"9226801"
"43";"1";"9856642"
"43";"1";"9914358"
"43";"1";"3951851"
"43";"1";"10151701"
"43";"1";"9131970"
"43";"1";"4170347"
"43";"1";"3076324"
"43";"1";"9098598"
"44";"5";"6514635"
"44";"13";"7917815"
"44";"19";"7957638"
"44";"4";"7718092"
"44";"1";"7333767"
"44";"32";"0"
"44";"1";"1443055"
"44";"1";"7733521"
"44";"4";"0"
"44";"9";"7725037"
"44";"1";"9031736"
"44";"2";"5608049"
"44";"7";"8914317"
"44";"8";"8811341"
"44";"9";"8443598"
"44";"2";"7957638"
"44";"3";"7957638"
"44";"1";"7725037"
"44";"1";"7725037"
"44";"4";"5848643"
"44";"2";"7497889"
"44";"3";"7459681"
"44";"1";"7651526"
"44";"2";"7725037"
"44";"4";"7725037"
"44";"1";"7725037"
"44";"1";"0"
"44";"1";"7957638"
"44";"1";"502875"
"44";"1";"1217001"
"44";"2";"5638009"
"44";"2";"8274126"
"44";"1";"8243062"
"44";"3";"7967860"
"44";"1";"7522438"
"44";"3";"8231224"
"44";"1";"5608049"
"44";"1";"7603813"
"44";"1";"7957638"
"44";"2";"7288613"
"44";"2";"108526"
"44";"1";"7792314"
"44";"1";"6467209"
"44";"1";"7957638"
"44";"1";"5837672"
"44";"1";"7483123"
"44";"1";"5558350"
"44";"1";"7802122"
"44";"1";"6256399"
"44";"3";"7876637"
"44";"1";"5814243"
"44";"1";"5608049"
"44";"1";"8811341"
"44";"4";"0"
"44";"1";"5753386"
"44";"1";"6155051"
"44";"1";"218610"
"44";"2";"0"
"44";"1";"7333767"
"44";"3";"0"
"45";"52";"7713230"
"45";"3";"112102"
"45";"14";"7778689"
"45";"3";"7778689"
"45";"1";"7000921"
"45";"2";"7499116"
"45";"16";"0"
"45";"1";"5456417"
"45";"2";"7000921"
"45";"8";"7631002"
"45";"1";"7706020"
"45";"1";"7423762"
"45";"4";"8249475"
"45";"4";"7708137"
"45";"2";"385014"
"45";"3";"7713230"
"45";"2";"7819873"
"45";"1";"7713230"
"45";"2";"112102"
"45";"2";"8581592"
"45";"4";"6728926"
"45";"6";"7432550"
"45";"1";"1232202"
"45";"1";"194118"
"45";"1";"8405422"
"45";"5";"7778689"
"45";"1";"903245"
"45";"1";"5316127"
"45";"1";"7819873"
"45";"2";"5361995"
"45";"1";"112102"
"45";"1";"7819873"
"45";"1";"7819873"
"45";"1";"7778689"
"45";"1";"6901220"
"45";"1";"470646"
"45";"1";"164600"
"45";"1";"7778689"
"45";"1";"7000921"
"45";"1";"138655"
"45";"1";"5264066"
"45";"1";"5731482"
"45";"2";"7423762"
"45";"1";"7713230"
"45";"2";"7423762"
"45";"1";"8249475"
"45";"1";"1696586"
"45";"1";"7508607"
"45";"1";"7573055"
"45";"1";"6857231"
"45";"1";"6641636"
"45";"1";"6728926"
"45";"2";"192222"
"45";"1";"241755"
"45";"1";"8216400"
"45";"1";"328660"
"45";"1";"7713230"
"45";"1";"1555437"
"45";"1";"417911"
"45";"1";"440957"
"45";"1";"7713230"
"45";"1";"4026365"
"45";"1";"1696586"
"45";"1";"967969"
"45";"1";"5464445"
"45";"1";"195164"
"45";"1";"6787398"
"45";"1";"3244416"
"46";"2";"7754398"
"46";"9";"8310899"
"46";"34";"7754398"
"46";"7";"7748888"
"46";"1";"6871763"
"46";"1";"4202"
"46";"2";"7808604"
"46";"4";"7808604"
"46";"33";"0"
"46";"5";"7810455"
"46";"1";"7754398"
"46";"9";"7808604"
"46";"8";"7460545"
"46";"1";"7460545"
"46";"5";"7672700"
"46";"5";"6707283"
"46";"2";"3338462"
"46";"1";"1517254"
"46";"3";"7808604"
"46";"1";"7808604"
"46";"2";"7754398"
"46";"1";"7465733"
"46";"1";"8310899"
"46";"1";"8310899"
"46";"1";"66257"
"46";"3";"6892868"
"46";"2";"7740942"
"46";"1";"7754398"
"46";"1";"6942497"
"46";"5";"6087181"
"46";"1";"6087181"
"46";"1";"223687"
"46";"1";"7460545"
"46";"2";"5378020"
"46";"3";"7546333"
"46";"5";"7000490"
"46";"2";"7808604"
"46";"1";"7211733"
"46";"1";"1422430"
"46";"1";"6816726"
"46";"2";"446953"
"46";"1";"4004567"
"46";"1";"5066692"
"46";"1";"5155794"
"46";"1";"5270333"
"46";"1";"7754398"
"46";"2";"1349508"
"46";"1";"7672700"
"46";"1";"194118"
"46";"1";"5137576"
"46";"1";"7808604"
"46";"1";"7754398"
"46";"1";"8665414"
"46";"1";"7808604"
"47";"13";"10077173"
"47";"36";"9843735"
"47";"3";"8730563"
"47";"4";"10025592"
"47";"2";"2782823"
"47";"2";"578604"
"47";"12";"9765220"
"47";"4";"10077173"
"47";"1";"10034007"
"47";"1";"2625608"
"47";"31";"0"
"47";"1";"9843735"
"47";"1";"9843735"
"47";"2";"1894783"
"47";"1";"9584636"
"47";"1";"9059777"
"47";"3";"9835456"
"47";"3";"10077173"
"47";"8";"9950858"
"47";"1";"2699433"
"47";"4";"9199452"
"47";"1";"10077173"
"47";"1";"10077173"
"47";"1";"9859590"
"47";"1";"994192"
"47";"1";"619132"
"47";"1";"9977046"
"47";"2";"9950858"
"47";"1";"9765220"
"47";"1";"9846098"
"47";"2";"9469538"
"47";"1";"9843735"
"47";"1";"3364526"
"47";"1";"9059777"
"47";"3";"9227012"
"47";"2";"4083387"
"47";"2";"9564074"
"47";"5";"9960149"
"47";"1";"1686398"
"47";"1";"538071"
"47";"2";"9824434"
"47";"1";"9855717"
"47";"1";"10077173"
"47";"2";"9878395"
"47";"1";"9818229"
"47";"1";"9997377"
"47";"1";"9843735"
"47";"2";"9767885"
"47";"1";"2012502"
"47";"1";"9293716"
"47";"1";"8525812"
"47";"1";"9777698"
"47";"1";"8572690"
"47";"2";"9807786"
"47";"1";"10077173"
"47";"1";"9800869"
"47";"1";"9878395"
"47";"1";"3012868"
"47";"1";"3873254"
"48";"21";"9180848"
"48";"3";"9327714"
"48";"1";"9305629"
"48";"26";"0"
"48";"2";"10470733"
"48";"10";"9354555"
"48";"33";"9398681"
"48";"5";"8903673"
"48";"2";"9398681"
"48";"3";"9180848"
"48";"1";"11030539"
"48";"7";"7309700"
"48";"1";"103388"
"48";"1";"7309700"
"48";"3";"9398681"
"48";"1";"8169529"
"48";"1";"5785313"
"48";"1";"9354555"
"48";"1";"9180848"
"48";"6";"9180848"
"48";"5";"9174313"
"48";"1";"7032040"
"48";"3";"9180848"
"48";"1";"9398681"
"48";"5";"10484952"
"48";"4";"10249886"
"48";"1";"10249886"
"48";"3";"9327714"
"48";"1";"9305629"
"48";"2";"9887392"
"48";"2";"6894854"
"48";"1";"7968810"
"48";"1";"7511446"
"48";"1";"9354555"
"48";"1";"7328332"
"48";"1";"990826"
"48";"2";"9390914"
"48";"1";"9088827"
"48";"1";"8949889"
"48";"1";"9305629"
"48";"1";"583741"
"48";"1";"6667777"
"48";"2";"167435"
"48";"1";"9018493"
"48";"1";"17026491"
"48";"2";"696075"
"48";"1";"7267977"
"48";"1";"94990"
"48";"1";"1461042"
"48";"1";"6157251"
"48";"1";"89258"
"48";"1";"9398681"
"49";"4";"7625943"
"49";"2";"7329887"
"49";"8";"7242721"
"49";"10";"6927338"
"49";"1";"7203126"
"49";"25";"7490358"
"49";"1";"7490358"
"49";"1";"7502854"
"49";"4";"7406722"
"49";"4";"7529987"
"49";"1";"6927338"
"49";"7";"6927338"
"49";"1";"6698338"
"49";"1";"7884769"
"49";"22";"0"
"49";"2";"981676"
"49";"1";"2133355"
"49";"1";"976107"
"49";"3";"7582048"
"49";"1";"477445"
"49";"7";"7884769"
"49";"8";"7300559"
"49";"2";"3456128"
"49";"10";"7450642"
"49";"2";"4798193"
"49";"1";"1116373"
"49";"3";"6691687"
"49";"2";"1141210"
"49";"4";"7625943"
"49";"1";"1118646"
"49";"3";"6298839"
"49";"1";"7625943"
"49";"1";"7635974"
"49";"1";"7630260"
"49";"1";"6694665"
"49";"2";"7059793"
"49";"1";"1190555"
"49";"1";"6723727"
"49";"5";"7737614"
"49";"1";"7368992"
"49";"1";"452022"
"49";"2";"6964306"
"49";"1";"7774897"
"49";"1";"3167897"
"49";"2";"784619"
"49";"1";"7488048"
"49";"1";"3663715"
"49";"1";"6958430"
"49";"1";"2632465"
"49";"1";"7497370"
"49";"1";"7277582"
"49";"1";"395664"
"49";"1";"1313229"
"49";"1";"1230225"
"49";"1";"1269023"
"49";"1";"6717677"
"49";"1";"7529987"
"49";"1";"668791"
"49";"1";"8066437"
"49";"1";"7513888"
"49";"1";"6492515"
"50";"28";"8435953"
"50";"40";"0"
"50";"1";"8487574"
"50";"8";"8556761"
"50";"1";"6179376"
"50";"8";"8225009"
"50";"2";"6354900"
"50";"2";"8433083"
"50";"2";"8193843"
"50";"1";"191819"
"50";"6";"8352317"
"50";"1";"1373368"
"50";"5";"7105796"
"50";"2";"486617"
"50";"1";"8435953"
"50";"6";"7736119"
"50";"1";"8147071"
"50";"1";"8556761"
"50";"2";"6389672"
"50";"2";"7656513"
"50";"1";"278411"
"50";"1";"8302360"
"50";"1";"8556761"
"50";"5";"7621766"
"50";"3";"8373279"
"50";"1";"8435953"
"50";"1";"2978530"
"50";"6";"8852945"
"50";"1";"8224068"
"50";"1";"6273094"
"50";"1";"8487574"
"50";"1";"8556761"
"50";"1";"7736119"
"50";"1";"7518822"
"50";"1";"8435953"
"50";"1";"6241882"
"50";"1";"8852945"
"50";"1";"2776913"
"50";"1";"2319662"
"50";"1";"217640"
"50";"1";"8294386"
"50";"3";"7904732"
"50";"1";"6653371"
"50";"1";"8189500"
"50";"1";"8625583"
"50";"1";"8225009"
"50";"1";"8442201"
"50";"1";"8352317"
"50";"1";"8302360"
"50";"2";"8979475"
"50";"1";"8709405"
"50";"1";"956190"
"50";"1";"1586506"
"50";"1";"8439394"
"50";"1";"8435953"
"50";"1";"7736119"
"50";"1";"6653371"
"50";"1";"2968988"
"50";"1";"1327141"
"50";"1";"6586263"
"50";"1";"217640"
"50";"1";"610921"