id,oX,oY,dX,dY,trips,cO,cD
1,-27.597,-48.549,-25.428,-49.273,2,brazil,brazil
3,-27.597,-48.549,-22.903,-43.208,2,brazil,brazil
4,-27.597,-48.549,-23.548,-46.636,5,brazil,brazil
14,-27.597,-48.549,51.50853,-0.12574,1,brazil,united kingdom
15,-27.597,-48.549,-22.906,-47.061,1,brazil,brazil
98,-27.597,-48.549,-20.754,-42.882,1,brazil,brazil
113,-27.597,-48.549,34.05223,-118.24368,2,brazil,united states
118,-27.597,-48.549,43.4668,-80.51639,1,brazil,canada
144,-27.597,-48.549,52.62783,1.29834,1,brazil,united kingdom
193,-27.597,-48.549,-34.61315,-58.37723,1,brazil,argentina
238,-27.597,-48.549,55.86515,-4.25763,1,brazil,united kingdom
631,-25.428,-49.273,-27.597,-48.549,3,brazil,brazil
634,-25.428,-49.273,-22.903,-43.208,14,brazil,brazil
635,-25.428,-49.273,-23.548,-46.636,11,brazil,brazil
641,-25.428,-49.273,-16.679,-49.254,1,brazil,brazil
646,-25.428,-49.273,-22.906,-47.061,5,brazil,brazil
651,-25.428,-49.273,-30.033,-51.23,6,brazil,brazil
654,-25.428,-49.273,-23.463,-46.533,2,brazil,brazil
657,-25.428,-49.273,-23.31,-51.163,3,brazil,brazil
659,-25.428,-49.273,-22.315,-49.061,1,brazil,brazil
661,-25.428,-49.273,-23.425,-51.939,1,brazil,brazil
662,-25.428,-49.273,-15.78,-47.93,1,brazil,brazil
687,-25.428,-49.273,-21.178,-47.81,2,brazil,brazil
701,-25.428,-49.273,-23.179,-45.887,2,brazil,brazil
721,-25.428,-49.273,40.42587,-86.90807,1,brazil,united states
729,-25.428,-49.273,-20.754,-42.882,1,brazil,brazil
731,-25.428,-49.273,-22.214,-49.946,1,brazil,brazil
735,-25.428,-49.273,-22.126,-51.389,1,brazil,brazil
744,-25.428,-49.273,34.05223,-118.24368,1,brazil,united states
753,-25.428,-49.273,44.56457,-123.26204,1,brazil,united states
763,-25.428,-49.273,45.46427,9.18951,1,brazil,italy
766,-25.428,-49.273,-22.744,-43.708,1,brazil,brazil
778,-25.428,-49.273,25.72149,-80.26838,1,brazil,united states
787,-25.428,-49.273,35.7721,-78.63861,1,brazil,united states
854,-25.428,-49.273,40.71427,-74.00597,1,brazil,united states
859,-25.428,-49.273,48.24896,11.65101,1,brazil,germany
1082,-25.428,-49.273,35.08449,-106.65114,1,brazil,united states
1289,-26.908,-48.662,-19.817,-43.956,1,brazil,brazil
1894,-22.903,-43.208,-25.428,-49.273,13,brazil,brazil
1897,-22.903,-43.208,-23.548,-46.636,20,brazil,brazil
1901,-22.903,-43.208,-22.883,-43.104,9,brazil,brazil
1905,-22.903,-43.208,-8.054,-34.881,2,brazil,brazil
1907,-22.903,-43.208,51.50853,-0.12574,5,brazil,united kingdom
1908,-22.903,-43.208,-22.906,-47.061,4,brazil,brazil
1913,-22.903,-43.208,-30.033,-51.23,4,brazil,brazil
1914,-22.903,-43.208,52.48142,-1.89983,1,brazil,united kingdom
1915,-22.903,-43.208,42.65258,-73.75623,1,brazil,united states
1916,-22.903,-43.208,-23.463,-46.533,3,brazil,brazil
1920,-22.903,-43.208,-19.817,-43.956,3,brazil,brazil
1924,-22.903,-43.208,-15.78,-47.93,9,brazil,brazil
1927,-22.903,-43.208,-5.795,-35.209,2,brazil,brazil
1933,-22.903,-43.208,-3.102,-60.025,1,brazil,brazil
1934,-22.903,-43.208,-7.115,-34.863,2,brazil,brazil
1935,-22.903,-43.208,-3.717,-38.543,1,brazil,brazil
1949,-22.903,-43.208,-21.178,-47.81,1,brazil,brazil
1962,-22.903,-43.208,-15.596,-56.097,2,brazil,brazil
1963,-22.903,-43.208,-23.179,-45.887,1,brazil,brazil
1983,-22.903,-43.208,40.42587,-86.90807,1,brazil,united states
1984,-22.903,-43.208,-21.245,-45,1,brazil,brazil
1991,-22.903,-43.208,-20.754,-42.882,1,brazil,brazil
2004,-22.903,-43.208,48.85341,2.3488,5,brazil,france
2006,-22.903,-43.208,34.05223,-118.24368,2,brazil,united states
2021,-22.903,-43.208,30.62798,-96.33441,1,brazil,united states
2024,-22.903,-43.208,53.48095,-2.23743,4,brazil,united kingdom
2028,-22.903,-43.208,-22.744,-43.708,6,brazil,brazil
2029,-22.903,-43.208,42.3751,-71.10561,1,brazil,united states
2037,-22.903,-43.208,52.62783,1.29834,1,brazil,united kingdom
2044,-22.903,-43.208,30.26715,-97.74306,1,brazil,united states
2045,-22.903,-43.208,43.60426,1.44367,2,brazil,france
2051,-22.903,-43.208,-5.089,-42.802,1,brazil,brazil
2056,-22.903,-43.208,42.44063,-76.49661,1,brazil,united states
2058,-22.903,-43.208,37.87159,-122.27275,1,brazil,united states
2063,-22.903,-43.208,-22.426,-45.453,1,brazil,brazil
2072,-22.903,-43.208,43.07305,-89.40123,1,brazil,united states
2079,-22.903,-43.208,-22.731,-45.125,1,brazil,brazil
2086,-22.903,-43.208,-34.61315,-58.37723,1,brazil,argentina
2094,-22.903,-43.208,33.95335,-117.39616,1,brazil,united states
2096,-22.903,-43.208,38.89511,-77.03637,2,brazil,united states
2102,-22.903,-43.208,40.44062,-79.99589,1,brazil,united states
2110,-22.903,-43.208,42.35843,-71.05977,1,brazil,united states
2112,-22.903,-43.208,47.60621,-122.33207,1,brazil,united states
2115,-22.903,-43.208,38.02931,-78.47668,1,brazil,united states
2116,-22.903,-43.208,40.71427,-74.00597,2,brazil,united states
2119,-22.903,-43.208,53.41058,-2.97794,1,brazil,united kingdom
2120,-22.903,-43.208,42.27756,-83.74088,1,brazil,united states
2121,-22.903,-43.208,48.24896,11.65101,1,brazil,germany
2126,-22.903,-43.208,41.30815,-72.92816,1,brazil,united states
2132,-22.903,-43.208,29.76328,-95.36327,2,brazil,united states
2141,-22.903,-43.208,37.44188,-122.14302,3,brazil,united states
2175,-22.903,-43.208,40.01499,-105.27055,1,brazil,united states
2178,-22.903,-43.208,36.16589,-86.78444,1,brazil,united states
2189,-22.903,-43.208,52.40656,-1.51217,1,brazil,united kingdom
2190,-22.903,-43.208,48.78333,2.46667,1,brazil,france
2197,-22.903,-43.208,39.75554,-105.2211,1,brazil,united states
2209,-22.903,-43.208,51.23536,-0.57427,1,brazil,united kingdom
2248,-22.903,-43.208,50.90395,-1.40428,2,brazil,united kingdom
2307,-22.903,-43.208,51.27904,1.07992,1,brazil,united kingdom
2524,-23.548,-46.636,-27.597,-48.549,2,brazil,brazil
2525,-23.548,-46.636,-25.428,-49.273,1,brazil,brazil
2527,-23.548,-46.636,-22.903,-43.208,8,brazil,brazil
2535,-23.548,-46.636,-22.018,-47.891,3,brazil,brazil
2536,-23.548,-46.636,-8.054,-34.881,1,brazil,brazil
2538,-23.548,-46.636,51.50853,-0.12574,3,brazil,united kingdom
2539,-23.548,-46.636,-22.906,-47.061,22,brazil,brazil
2540,-23.548,-46.636,51.45625,-0.97113,1,brazil,united kingdom
2542,-23.548,-46.636,41.85003,-87.65005,1,brazil,united states
2544,-23.548,-46.636,-30.033,-51.23,5,brazil,brazil
2547,-23.548,-46.636,-23.463,-46.533,14,brazil,brazil
2548,-23.548,-46.636,-31.772,-52.343,1,brazil,brazil
2551,-23.548,-46.636,-19.817,-43.956,2,brazil,brazil
2552,-23.548,-46.636,-22.315,-49.061,13,brazil,brazil
2554,-23.548,-46.636,-23.425,-51.939,1,brazil,brazil
2555,-23.548,-46.636,-15.78,-47.93,9,brazil,brazil
2559,-23.548,-46.636,40.4165,-3.70256,1,brazil,spain
2560,-23.548,-46.636,-29.684,-53.807,1,brazil,brazil
2564,-23.548,-46.636,-3.102,-60.025,1,brazil,brazil
2566,-23.548,-46.636,-3.717,-38.543,1,brazil,brazil
2567,-23.548,-46.636,48.89198,2.20675,1,brazil,france
2568,-23.548,-46.636,-22.109,-50.172,1,brazil,brazil
2570,-23.548,-46.636,-20.288,-43.508,1,brazil,brazil
2572,-23.548,-46.636,-12.971,-38.511,1,brazil,brazil
2575,-23.548,-46.636,-18.919,-48.277,1,brazil,brazil
2577,-23.548,-46.636,-1.456,-48.504,4,brazil,brazil
2580,-23.548,-46.636,-21.178,-47.81,8,brazil,brazil
2581,-23.548,-46.636,50.87959,4.70093,1,brazil,belgium
2593,-23.548,-46.636,-15.596,-56.097,2,brazil,brazil
2594,-23.548,-46.636,-23.179,-45.887,8,brazil,brazil
2606,-23.548,-46.636,52.9536,-1.15047,1,brazil,united kingdom
2613,-23.548,-46.636,35.6895,139.69171,4,brazil,japan
2614,-23.548,-46.636,40.42587,-86.90807,2,brazil,united states
2624,-23.548,-46.636,-22.214,-49.946,2,brazil,brazil
2629,-23.548,-46.636,29.65163,-82.32483,1,brazil,united states
2635,-23.548,-46.636,48.85341,2.3488,6,brazil,france
2639,-23.548,-46.636,43.61092,3.87723,1,brazil,france
2642,-23.548,-46.636,43.4668,-80.51639,1,brazil,canada
2650,-23.548,-46.636,-19.748,-47.932,1,brazil,brazil
2652,-23.548,-46.636,30.62798,-96.33441,1,brazil,united states
2656,-23.548,-46.636,45.46427,9.18951,1,brazil,italy
2660,-23.548,-46.636,42.3751,-71.10561,3,brazil,united states
2664,-23.548,-46.636,-23.523,-46.188,2,brazil,brazil
2665,-23.548,-46.636,40.11642,-88.24338,1,brazil,united states
2675,-23.548,-46.636,30.26715,-97.74306,1,brazil,united states
2680,-23.548,-46.636,35.7721,-78.63861,3,brazil,united states
2687,-23.548,-46.636,42.44063,-76.49661,1,brazil,united states
2689,-23.548,-46.636,37.87159,-122.27275,1,brazil,united states
2701,-23.548,-46.636,44.97997,-93.26384,1,brazil,united states
2703,-23.548,-46.636,43.07305,-89.40123,1,brazil,united states
2706,-23.548,-46.636,-22.725,-47.649,1,brazil,brazil
2711,-23.548,-46.636,-23.664,-46.538,1,brazil,brazil
2719,-23.548,-46.636,43.54594,-80.25599,1,brazil,canada
2725,-23.548,-46.636,33.95335,-117.39616,1,brazil,united states
2726,-23.548,-46.636,48.08333,7.36667,3,brazil,france
2727,-23.548,-46.636,38.89511,-77.03637,1,brazil,united states
2739,-23.548,-46.636,51.75222,-1.25596,1,brazil,united kingdom
2743,-23.548,-46.636,47.60621,-122.33207,1,brazil,united states
2744,-23.548,-46.636,52.2,0.11667,2,brazil,united kingdom
2745,-23.548,-46.636,36.97412,-122.0308,5,brazil,united states
2747,-23.548,-46.636,40.71427,-74.00597,2,brazil,united states
2750,-23.548,-46.636,53.41058,-2.97794,1,brazil,united kingdom
2751,-23.548,-46.636,42.27756,-83.74088,1,brazil,united states
2752,-23.548,-46.636,48.24896,11.65101,1,brazil,germany
2753,-23.548,-46.636,41.82399,-71.41283,1,brazil,united states
2761,-23.548,-46.636,42.03471,-93.61994,1,brazil,united states
2766,-23.548,-46.636,-22.886,-48.445,1,brazil,brazil
2767,-23.548,-46.636,41.52519,-88.0834,1,brazil,united states
2772,-23.548,-46.636,37.44188,-122.14302,2,brazil,united states
2778,-23.548,-46.636,51.88921,0.90421,1,brazil,united kingdom
2781,-23.548,-46.636,42.73698,-84.48387,1,brazil,united states
2790,-23.548,-46.636,32.22174,-110.92648,2,brazil,united states
2791,-23.548,-46.636,-23.623,-46.551,1,brazil,brazil
2821,-23.548,-46.636,48.78333,2.46667,1,brazil,france
2837,-23.548,-46.636,49.00937,8.40444,1,brazil,germany
2838,-23.548,-46.636,39.96118,-82.99879,1,brazil,united states
2866,-23.548,-46.636,38.98067,-76.93692,1,brazil,united states
2879,-23.548,-46.636,50.90395,-1.40428,1,brazil,united kingdom
2925,-23.548,-46.636,33.45049,-88.81961,1,brazil,united states
2980,-23.548,-46.636,43.63276,1.39399,1,brazil,france
3203,-29.168,-51.179,-12.971,-38.511,1,brazil,brazil
3786,-29.76,-51.147,-27.597,-48.549,4,brazil,brazil
3801,-29.76,-51.147,-22.906,-47.061,1,brazil,brazil
3806,-29.76,-51.147,-30.033,-51.23,7,brazil,brazil
3822,-29.76,-51.147,-29.684,-53.807,1,brazil,brazil
3855,-29.76,-51.147,-15.596,-56.097,2,brazil,brazil
5049,-22.883,-43.104,-25.428,-49.273,2,brazil,brazil
5051,-22.883,-43.104,-22.903,-43.208,14,brazil,brazil
5052,-22.883,-43.104,-23.548,-46.636,7,brazil,brazil
5058,-22.883,-43.104,-16.679,-49.254,1,brazil,brazil
5063,-22.883,-43.104,-22.906,-47.061,2,brazil,brazil
5076,-22.883,-43.104,-22.315,-49.061,1,brazil,brazil
5118,-22.883,-43.104,-23.179,-45.887,1,brazil,brazil
5201,-22.883,-43.104,48.11198,-1.67429,1,brazil,france
5679,-22.469,-44.447,-27.597,-48.549,1,brazil,brazil
5682,-22.469,-44.447,-22.903,-43.208,4,brazil,brazil
5750,-22.469,-44.447,-28.263,-52.407,1,brazil,brazil
6311,-16.679,-49.254,-25.428,-49.273,1,brazil,brazil
6313,-16.679,-49.254,-22.903,-43.208,3,brazil,brazil
6314,-16.679,-49.254,-23.548,-46.636,3,brazil,brazil
6318,-16.679,-49.254,-22.883,-43.104,1,brazil,brazil
6325,-16.679,-49.254,-22.906,-47.061,1,brazil,brazil
6333,-16.679,-49.254,-23.463,-46.533,1,brazil,brazil
6337,-16.679,-49.254,-19.817,-43.956,2,brazil,brazil
6341,-16.679,-49.254,-15.78,-47.93,2,brazil,brazil
6351,-16.679,-49.254,-7.115,-34.863,1,brazil,brazil
6354,-16.679,-49.254,-22.109,-50.172,1,brazil,brazil
6379,-16.679,-49.254,-15.596,-56.097,1,brazil,brazil
6401,-16.679,-49.254,-21.245,-45,2,brazil,brazil
6429,-16.679,-49.254,50.85045,4.34878,1,brazil,belgium
6459,-16.679,-49.254,41.65606,-0.87734,1,brazil,spain
6941,-22.018,-47.891,-27.597,-48.549,1,brazil,brazil
6942,-22.018,-47.891,-25.428,-49.273,1,brazil,brazil
6944,-22.018,-47.891,-22.903,-43.208,1,brazil,brazil
6945,-22.018,-47.891,-23.548,-46.636,10,brazil,brazil
6956,-22.018,-47.891,-22.906,-47.061,1,brazil,brazil
6964,-22.018,-47.891,-23.463,-46.533,3,brazil,brazil
7111,-22.018,-47.891,-22.426,-45.453,1,brazil,brazil
7166,-22.018,-47.891,41.49109,2.14079,1,brazil,spain
7167,-22.018,-47.891,53.41058,-2.97794,1,brazil,united kingdom
7240,-22.018,-47.891,-22.404,-43.663,1,brazil,brazil
7573,-8.054,-34.881,-25.428,-49.273,2,brazil,brazil
7575,-8.054,-34.881,-22.903,-43.208,4,brazil,brazil
7576,-8.054,-34.881,-23.548,-46.636,16,brazil,brazil
7586,-8.054,-34.881,51.50853,-0.12574,1,brazil,united kingdom
7587,-8.054,-34.881,-22.906,-47.061,3,brazil,brazil
7592,-8.054,-34.881,-30.033,-51.23,1,brazil,brazil
7603,-8.054,-34.881,-15.78,-47.93,2,brazil,brazil
7606,-8.054,-34.881,-5.795,-35.209,2,brazil,brazil
7613,-8.054,-34.881,-7.115,-34.863,3,brazil,brazil
7614,-8.054,-34.881,-3.717,-38.543,1,brazil,brazil
7634,-8.054,-34.881,-9.666,-35.735,1,brazil,brazil
7663,-8.054,-34.881,-21.245,-45,1,brazil,brazil
7676,-8.054,-34.881,-22.126,-51.389,1,brazil,brazil
7683,-8.054,-34.881,48.85341,2.3488,2,brazil,france
7696,-8.054,-34.881,54.04649,-2.79988,1,brazil,united kingdom
7730,-8.054,-34.881,-5.089,-42.802,1,brazil,brazil
7742,-8.054,-34.881,-22.426,-45.453,1,brazil,brazil
7787,-8.054,-34.881,51.75222,-1.25596,1,brazil,united kingdom
7841,-8.054,-34.881,48.76507,2.26655,1,brazil,france
7921,-8.054,-34.881,49.59099,11.00783,1,brazil,germany
8217,42.04114,-87.69006,51.50853,-0.12574,1,united states,united kingdom
8846,51.50853,-0.12574,-8.054,-34.881,1,united kingdom,brazil
8849,51.50853,-0.12574,-22.906,-47.061,1,united kingdom,brazil
8854,51.50853,-0.12574,-30.033,-51.23,1,united kingdom,brazil
9465,-22.906,-47.061,-27.597,-48.549,1,brazil,brazil
9468,-22.906,-47.061,-22.903,-43.208,2,brazil,brazil
9469,-22.906,-47.061,-23.548,-46.636,26,brazil,brazil
9473,-22.906,-47.061,-22.883,-43.104,1,brazil,brazil
9476,-22.906,-47.061,-22.018,-47.891,1,brazil,brazil
9477,-22.906,-47.061,-8.054,-34.881,1,brazil,brazil
9488,-22.906,-47.061,-23.463,-46.533,3,brazil,brazil
9492,-22.906,-47.061,-19.817,-43.956,1,brazil,brazil
9493,-22.906,-47.061,-22.315,-49.061,1,brazil,brazil
9496,-22.906,-47.061,-15.78,-47.93,3,brazil,brazil
9506,-22.906,-47.061,-7.115,-34.863,1,brazil,brazil
9518,-22.906,-47.061,-1.456,-48.504,1,brazil,brazil
9525,-22.906,-47.061,39.95233,-75.16379,1,brazil,united states
9563,-22.906,-47.061,-20.754,-42.882,1,brazil,brazil
9576,-22.906,-47.061,48.85341,2.3488,4,brazil,france
9578,-22.906,-47.061,34.05223,-118.24368,1,brazil,united states
9596,-22.906,-47.061,53.48095,-2.23743,1,brazil,united kingdom
9605,-22.906,-47.061,-23.523,-46.188,1,brazil,brazil
9612,-22.906,-47.061,25.72149,-80.26838,1,brazil,united states
9617,-22.906,-47.061,43.60426,1.44367,1,brazil,france
9621,-22.906,-47.061,35.7721,-78.63861,1,brazil,united states
9628,-22.906,-47.061,42.44063,-76.49661,1,brazil,united states
9630,-22.906,-47.061,37.87159,-122.27275,1,brazil,united states
9664,-22.906,-47.061,42.03336,-87.73339,1,brazil,united states
9666,-22.906,-47.061,33.95335,-117.39616,1,brazil,united states
9668,-22.906,-47.061,38.89511,-77.03637,1,brazil,united states
9671,-22.906,-47.061,40.48622,-74.45182,1,brazil,united states
9685,-22.906,-47.061,52.2,0.11667,2,brazil,united kingdom
9694,-22.906,-47.061,41.82399,-71.41283,3,brazil,united states
9695,-22.906,-47.061,41.66113,-91.53017,1,brazil,united states
9702,-22.906,-47.061,42.03471,-93.61994,1,brazil,united states
9713,-22.906,-47.061,37.44188,-122.14302,1,brazil,united states
9824,-22.906,-47.061,37.22957,-80.41394,1,brazil,united states
9881,-22.906,-47.061,45.16667,5.71667,1,brazil,france
9920,-22.906,-47.061,41.4995,-81.69541,1,brazil,united states
10747,-27.816,-50.326,-30.033,-51.23,1,brazil,brazil
12620,-30.033,-51.23,-27.597,-48.549,1,brazil,brazil
12621,-30.033,-51.23,-25.428,-49.273,2,brazil,brazil
12623,-30.033,-51.23,-22.903,-43.208,7,brazil,brazil
12624,-30.033,-51.23,-23.548,-46.636,9,brazil,brazil
12626,-30.033,-51.23,-29.76,-51.147,1,brazil,brazil
12632,-30.033,-51.23,-8.054,-34.881,1,brazil,brazil
12634,-30.033,-51.23,51.50853,-0.12574,1,brazil,united kingdom
12635,-30.033,-51.23,-22.906,-47.061,2,brazil,brazil
12642,-30.033,-51.23,42.65258,-73.75623,1,brazil,united states
12643,-30.033,-51.23,-23.463,-46.533,1,brazil,brazil
12644,-30.033,-51.23,-31.772,-52.343,1,brazil,brazil
12647,-30.033,-51.23,-19.817,-43.956,1,brazil,brazil
12648,-30.033,-51.23,-22.315,-49.061,3,brazil,brazil
12651,-30.033,-51.23,-15.78,-47.93,2,brazil,brazil
12656,-30.033,-51.23,-29.684,-53.807,2,brazil,brazil
12657,-30.033,-51.23,43.70011,-79.4163,1,brazil,canada
12658,-30.033,-51.23,-21.754,-41.324,1,brazil,brazil
12661,-30.033,-51.23,-7.115,-34.863,1,brazil,brazil
12680,-30.033,-51.23,39.95233,-75.16379,1,brazil,united states
12682,-30.033,-51.23,-9.666,-35.735,1,brazil,brazil
12699,-30.033,-51.23,53.79648,-1.54785,1,brazil,united kingdom
12710,-30.033,-51.23,40.42587,-86.90807,2,brazil,united states
12718,-30.033,-51.23,-20.754,-42.882,2,brazil,brazil
12725,-30.033,-51.23,29.65163,-82.32483,1,brazil,united states
12731,-30.033,-51.23,48.85341,2.3488,3,brazil,france
12733,-30.033,-51.23,34.05223,-118.24368,1,brazil,united states
12754,-30.033,-51.23,52.52437,13.41053,1,brazil,germany
12762,-30.033,-51.23,41.89193,12.51133,1,brazil,italy
12781,-30.033,-51.23,39.29038,-76.61219,1,brazil,united states
12784,-30.033,-51.23,32.60986,-85.48078,1,brazil,united states
12790,-30.033,-51.23,-22.426,-45.453,1,brazil,brazil
12799,-30.033,-51.23,43.07305,-89.40123,2,brazil,united states
12835,-30.033,-51.23,51.75222,-1.25596,1,brazil,united kingdom
12845,-30.033,-51.23,41.49109,2.14079,1,brazil,spain
12848,-30.033,-51.23,48.24896,11.65101,3,brazil,germany
12856,-30.033,-51.23,40.58526,-105.08442,1,brazil,united states
12858,-30.033,-51.23,55.86515,-4.25763,1,brazil,united kingdom
12860,-30.033,-51.23,48.58392,7.74553,1,brazil,france
12975,-30.033,-51.23,50.90395,-1.40428,1,brazil,united kingdom
14105,42.65258,-73.75623,40.71427,-74.00597,1,united states,united states
14517,-23.463,-46.533,-23.548,-46.636,14,brazil,brazil
14525,-23.463,-46.533,-8.054,-34.881,1,brazil,brazil
14527,-23.463,-46.533,51.50853,-0.12574,2,brazil,united kingdom
14528,-23.463,-46.533,-22.906,-47.061,1,brazil,brazil
14544,-23.463,-46.533,-15.78,-47.93,1,brazil,brazil
14553,-23.463,-46.533,-3.102,-60.025,1,brazil,brazil
14554,-23.463,-46.533,-7.115,-34.863,1,brazil,brazil
14557,-23.463,-46.533,-22.109,-50.172,1,brazil,brazil
14609,-23.463,-46.533,-23.694,-46.565,1,brazil,brazil
14624,-23.463,-46.533,48.85341,2.3488,1,brazil,france
14653,-23.463,-46.533,-23.523,-46.188,1,brazil,brazil
14730,-23.463,-46.533,42.35843,-71.05977,1,brazil,united states
14736,-23.463,-46.533,40.71427,-74.00597,1,brazil,united states
14741,-23.463,-46.533,48.24896,11.65101,1,brazil,germany
15145,-31.772,-52.343,-25.428,-49.273,1,brazil,brazil
15147,-31.772,-52.343,-22.903,-43.208,2,brazil,brazil
15148,-31.772,-52.343,-23.548,-46.636,1,brazil,brazil
15158,-31.772,-52.343,51.50853,-0.12574,1,brazil,united kingdom
15164,-31.772,-52.343,-30.033,-51.23,8,brazil,brazil
15180,-31.772,-52.343,-29.684,-53.807,1,brazil,brazil
15213,-31.772,-52.343,-15.596,-56.097,1,brazil,brazil
15215,-31.772,-52.343,-28.263,-52.407,2,brazil,brazil
15234,-31.772,-52.343,40.42587,-86.90807,1,brazil,united states
15237,-31.772,-52.343,-31.331,-54.107,1,brazil,brazil
15242,-31.772,-52.343,-20.754,-42.882,3,brazil,brazil
15455,-31.772,-52.343,46.73127,-117.17962,1,brazil,united states
15499,-31.772,-52.343,50.90395,-1.40428,2,brazil,united kingdom
15778,-28.467,-49.007,-22.903,-43.208,1,brazil,brazil
15779,-28.467,-49.007,-23.548,-46.636,1,brazil,brazil
16406,-23.31,-51.163,-27.597,-48.549,2,brazil,brazil
16407,-23.31,-51.163,-25.428,-49.273,3,brazil,brazil
16409,-23.31,-51.163,-22.903,-43.208,4,brazil,brazil
16410,-23.31,-51.163,-23.548,-46.636,5,brazil,brazil
16418,-23.31,-51.163,-8.054,-34.881,1,brazil,brazil
16420,-23.31,-51.163,51.50853,-0.12574,1,brazil,united kingdom
16421,-23.31,-51.163,-22.906,-47.061,3,brazil,brazil
16429,-23.31,-51.163,-23.463,-46.533,1,brazil,brazil
16434,-23.31,-51.163,-22.315,-49.061,5,brazil,brazil
16437,-23.31,-51.163,-15.78,-47.93,1,brazil,brazil
16441,-23.31,-51.163,40.4165,-3.70256,1,brazil,spain
16447,-23.31,-51.163,-7.115,-34.863,1,brazil,brazil
16450,-23.31,-51.163,-22.109,-50.172,1,brazil,brazil
16476,-23.31,-51.163,-23.179,-45.887,1,brazil,brazil
16490,-23.31,-51.163,-8.762,-63.904,1,brazil,brazil
16504,-23.31,-51.163,-20.754,-42.882,1,brazil,brazil
17038,-19.817,-43.956,-25.428,-49.273,1,brazil,brazil
17040,-19.817,-43.956,-22.903,-43.208,5,brazil,brazil
17041,-19.817,-43.956,-23.548,-46.636,12,brazil,brazil
17048,-19.817,-43.956,-22.018,-47.891,2,brazil,brazil
17051,-19.817,-43.956,51.50853,-0.12574,1,brazil,united kingdom
17052,-19.817,-43.956,-22.906,-47.061,3,brazil,brazil
17058,-19.817,-43.956,52.48142,-1.89983,1,brazil,united kingdom
17065,-19.817,-43.956,-22.315,-49.061,2,brazil,brazil
17068,-19.817,-43.956,-15.78,-47.93,4,brazil,brazil
17085,-19.817,-43.956,-12.971,-38.511,2,brazil,brazil
17088,-19.817,-43.956,-18.919,-48.277,2,brazil,brazil
17093,-19.817,-43.956,-21.178,-47.81,1,brazil,brazil
17094,-19.817,-43.956,50.87959,4.70093,1,brazil,belgium
17106,-19.817,-43.956,-15.596,-56.097,2,brazil,brazil
17135,-19.817,-43.956,-20.754,-42.882,1,brazil,brazil
17142,-19.817,-43.956,29.65163,-82.32483,1,brazil,united states
17148,-19.817,-43.956,48.85341,2.3488,2,brazil,france
17168,-19.817,-43.956,53.48095,-2.23743,1,brazil,united kingdom
17172,-19.817,-43.956,-22.744,-43.708,1,brazil,brazil
17173,-19.817,-43.956,42.3751,-71.10561,1,brazil,united states
17177,-19.817,-43.956,-23.523,-46.188,3,brazil,brazil
17260,-19.817,-43.956,40.71427,-74.00597,1,brazil,united states
17669,-22.315,-49.061,-25.428,-49.273,1,brazil,brazil
17671,-22.315,-49.061,-22.903,-43.208,4,brazil,brazil
17672,-22.315,-49.061,-23.548,-46.636,46,brazil,brazil
17683,-22.315,-49.061,-22.906,-47.061,8,brazil,brazil
17688,-22.315,-49.061,-30.033,-51.23,1,brazil,brazil
17691,-22.315,-49.061,-23.463,-46.533,3,brazil,brazil
17694,-22.315,-49.061,-23.31,-51.163,2,brazil,brazil
17695,-22.315,-49.061,-19.817,-43.956,4,brazil,brazil
17698,-22.315,-49.061,-23.425,-51.939,1,brazil,brazil
17699,-22.315,-49.061,-15.78,-47.93,3,brazil,brazil
17709,-22.315,-49.061,-7.115,-34.863,1,brazil,brazil
17716,-22.315,-49.061,-12.971,-38.511,1,brazil,brazil
17724,-22.315,-49.061,-21.178,-47.81,1,brazil,brazil
17738,-22.315,-49.061,-23.179,-45.887,5,brazil,brazil
17749,-22.315,-49.061,-11.015,-37.206,1,brazil,brazil
17759,-22.315,-49.061,-21.245,-45,1,brazil,brazil
17766,-22.315,-49.061,-20.754,-42.882,4,brazil,brazil
17803,-22.315,-49.061,-22.744,-43.708,1,brazil,brazil
17850,-22.315,-49.061,-22.725,-47.649,1,brazil,brazil
17870,-22.315,-49.061,48.08333,7.36667,1,brazil,france
17875,-22.315,-49.061,-23.026,-45.555,1,brazil,brazil
17886,-22.315,-49.061,33.749,-84.38798,1,brazil,united states
17891,-22.315,-49.061,40.71427,-74.00597,1,brazil,united states
17910,-22.315,-49.061,-22.886,-48.445,1,brazil,brazil
17911,-22.315,-49.061,41.52519,-88.0834,1,brazil,united states
17919,-22.315,-49.061,-22.211,-49.656,1,brazil,brazil
18930,-23.425,-51.939,-27.597,-48.549,4,brazil,brazil
18934,-23.425,-51.939,-23.548,-46.636,3,brazil,brazil
18945,-23.425,-51.939,-22.906,-47.061,2,brazil,brazil
18954,-23.425,-51.939,-31.772,-52.343,1,brazil,brazil
18956,-23.425,-51.939,-23.31,-51.163,5,brazil,brazil
18966,-23.425,-51.939,-29.684,-53.807,1,brazil,brazil
19561,-15.78,-47.93,-27.597,-48.549,2,brazil,brazil
19564,-15.78,-47.93,-22.903,-43.208,11,brazil,brazil
19565,-15.78,-47.93,-23.548,-46.636,7,brazil,brazil
19575,-15.78,-47.93,51.50853,-0.12574,1,brazil,united kingdom
19576,-15.78,-47.93,-22.906,-47.061,2,brazil,brazil
19581,-15.78,-47.93,-30.033,-51.23,2,brazil,brazil
19588,-15.78,-47.93,-19.817,-43.956,4,brazil,brazil
19601,-15.78,-47.93,-3.102,-60.025,1,brazil,brazil
19603,-15.78,-47.93,-3.717,-38.543,2,brazil,brazil
19609,-15.78,-47.93,-12.971,-38.511,1,brazil,brazil
19639,-15.78,-47.93,38.71667,-9.13333,1,brazil,portugal
19650,-15.78,-47.93,35.6895,139.69171,1,brazil,japan
19658,-15.78,-47.93,-20.443,-54.646,1,brazil,brazil
19666,-15.78,-47.93,29.65163,-82.32483,1,brazil,united states
19672,-15.78,-47.93,48.85341,2.3488,2,brazil,france
19685,-15.78,-47.93,54.04649,-2.79988,1,brazil,united kingdom
19701,-15.78,-47.93,-23.523,-46.188,1,brazil,brazil
19702,-15.78,-47.93,40.11642,-88.24338,1,brazil,united states
19783,-15.78,-47.93,38.02931,-78.47668,1,brazil,united states
19809,-15.78,-47.93,37.44188,-122.14302,1,brazil,united states
19815,-15.78,-47.93,51.88921,0.90421,1,brazil,united kingdom
19830,-15.78,-47.93,48.76507,2.26655,2,brazil,france
19869,-15.78,-47.93,40.76078,-111.89105,1,brazil,united states
20220,-23.073,-52.465,-22.315,-49.061,1,brazil,brazil
21454,-5.795,-35.209,-27.597,-48.549,2,brazil,brazil
21455,-5.795,-35.209,-25.428,-49.273,2,brazil,brazil
21457,-5.795,-35.209,-22.903,-43.208,1,brazil,brazil
21458,-5.795,-35.209,-23.548,-46.636,2,brazil,brazil
21466,-5.795,-35.209,-8.054,-34.881,2,brazil,brazil
21469,-5.795,-35.209,-22.906,-47.061,2,brazil,brazil
21477,-5.795,-35.209,-23.463,-46.533,1,brazil,brazil
21482,-5.795,-35.209,-22.315,-49.061,1,brazil,brazil
21495,-5.795,-35.209,-7.115,-34.863,2,brazil,brazil
21510,-5.795,-35.209,-21.178,-47.81,1,brazil,brazil
21622,-5.795,-35.209,-7.231,-35.881,1,brazil,brazil
21876,-5.795,-35.209,51.05,3.71667,1,brazil,belgium
22089,40.4165,-3.70256,-23.548,-46.636,1,spain,brazil
22127,40.4165,-3.70256,-3.717,-38.543,1,spain,brazil
22716,-29.684,-53.807,-27.597,-48.549,2,brazil,brazil
22719,-29.684,-53.807,-22.903,-43.208,2,brazil,brazil
22720,-29.684,-53.807,-23.548,-46.636,4,brazil,brazil
22724,-29.684,-53.807,-22.883,-43.104,1,brazil,brazil
22736,-29.684,-53.807,-30.033,-51.23,7,brazil,brazil
22739,-29.684,-53.807,-23.463,-46.533,1,brazil,brazil
22743,-29.684,-53.807,-19.817,-43.956,1,brazil,brazil
22827,-29.684,-53.807,48.85341,2.3488,1,brazil,france
22856,-29.684,-53.807,-23.523,-46.188,1,brazil,brazil
22858,-29.684,-53.807,41.89193,12.51133,1,brazil,italy
23350,43.70011,-79.4163,-22.903,-43.208,1,canada,brazil
23981,-21.754,-41.324,-22.903,-43.208,1,brazil,brazil
24226,-21.754,-41.324,37.44188,-122.14302,1,brazil,united states
24612,-21.764,-43.35,-22.903,-43.208,6,brazil,brazil
24613,-21.764,-43.35,-23.548,-46.636,5,brazil,brazil
24624,-21.764,-43.35,-22.906,-47.061,1,brazil,brazil
24636,-21.764,-43.35,-19.817,-43.956,3,brazil,brazil
25240,-3.102,-60.025,-27.597,-48.549,1,brazil,brazil
25243,-3.102,-60.025,-22.903,-43.208,3,brazil,brazil
25244,-3.102,-60.025,-23.548,-46.636,1,brazil,brazil
25260,-3.102,-60.025,-30.033,-51.23,1,brazil,brazil
25296,-3.102,-60.025,-21.178,-47.81,1,brazil,brazil
25331,-3.102,-60.025,-21.245,-45,1,brazil,brazil
25410,-3.102,-60.025,-22.426,-45.453,1,brazil,brazil
25641,-3.102,-60.025,33.45049,-88.81961,1,brazil,united states
25871,-7.115,-34.863,-27.597,-48.549,1,brazil,brazil
25872,-7.115,-34.863,-25.428,-49.273,1,brazil,brazil
25874,-7.115,-34.863,-22.903,-43.208,6,brazil,brazil
25875,-7.115,-34.863,-23.548,-46.636,8,brazil,brazil
25883,-7.115,-34.863,-8.054,-34.881,2,brazil,brazil
25886,-7.115,-34.863,-22.906,-47.061,4,brazil,brazil
25895,-7.115,-34.863,-31.772,-52.343,1,brazil,brazil
25902,-7.115,-34.863,-15.78,-47.93,1,brazil,brazil
25905,-7.115,-34.863,-5.795,-35.209,1,brazil,brazil
25913,-7.115,-34.863,-3.717,-38.543,1,brazil,brazil
25919,-7.115,-34.863,-12.971,-38.511,1,brazil,brazil
25982,-7.115,-34.863,48.85341,2.3488,2,brazil,france
26006,-7.115,-34.863,-22.744,-43.708,2,brazil,brazil
26023,-7.115,-34.863,43.60426,1.44367,1,brazil,france
26039,-7.115,-34.863,-7.231,-35.881,1,brazil,brazil
26128,-7.115,-34.863,42.73698,-84.48387,1,brazil,united states
26285,-7.115,-34.863,51.27904,1.07992,1,brazil,united kingdom
26505,-3.717,-38.543,-22.903,-43.208,7,brazil,brazil
26506,-3.717,-38.543,-23.548,-46.636,3,brazil,brazil
26510,-3.717,-38.543,-22.883,-43.104,1,brazil,brazil
26514,-3.717,-38.543,-8.054,-34.881,1,brazil,brazil
26517,-3.717,-38.543,-22.906,-47.061,1,brazil,brazil
26529,-3.717,-38.543,-19.817,-43.956,1,brazil,brazil
26533,-3.717,-38.543,-15.78,-47.93,2,brazil,brazil
26543,-3.717,-38.543,-7.115,-34.863,7,brazil,brazil
26550,-3.717,-38.543,-12.971,-38.511,1,brazil,brazil
26571,-3.717,-38.543,-15.596,-56.097,1,brazil,brazil
26586,-3.717,-38.543,-8.762,-63.904,1,brazil,brazil
26593,-3.717,-38.543,-21.245,-45,1,brazil,brazil
26613,-3.717,-38.543,48.85341,2.3488,1,brazil,france
26649,-3.717,-38.543,25.72149,-80.26838,1,brazil,united states
26672,-3.717,-38.543,-22.426,-45.453,1,brazil,brazil
26845,-3.717,-38.543,47.38333,0.68333,1,brazil,france
26862,-3.717,-38.543,33.96095,-83.37794,1,brazil,united states
26924,-3.717,-38.543,51.05,3.71667,1,brazil,belgium
27153,48.89198,2.20675,-30.033,-51.23,1,france,brazil
27768,-22.109,-50.172,-23.548,-46.636,1,brazil,brazil
29029,-20.288,-43.508,-22.903,-43.208,2,brazil,brazil
29046,-20.288,-43.508,-30.033,-51.23,1,brazil,brazil
29057,-20.288,-43.508,-15.78,-47.93,1,brazil,brazil
29669,41.14961,-8.61099,-8.054,-34.881,1,portugal,brazil
30288,-12.971,-38.511,-27.597,-48.549,1,brazil,brazil
30291,-12.971,-38.511,-22.903,-43.208,5,brazil,brazil
30292,-12.971,-38.511,-23.548,-46.636,7,brazil,brazil
30303,-12.971,-38.511,-22.906,-47.061,1,brazil,brazil
30308,-12.971,-38.511,-30.033,-51.23,3,brazil,brazil
30311,-12.971,-38.511,-23.463,-46.533,1,brazil,brazil
30315,-12.971,-38.511,-19.817,-43.956,2,brazil,brazil
30319,-12.971,-38.511,-15.78,-47.93,2,brazil,brazil
30322,-12.971,-38.511,-5.795,-35.209,1,brazil,brazil
30329,-12.971,-38.511,-7.115,-34.863,1,brazil,brazil
30344,-12.971,-38.511,-21.178,-47.81,1,brazil,brazil
30350,-12.971,-38.511,-9.666,-35.735,1,brazil,brazil
30357,-12.971,-38.511,-15.596,-56.097,1,brazil,brazil
30379,-12.971,-38.511,-21.245,-45,1,brazil,brazil
30399,-12.971,-38.511,48.85341,2.3488,3,brazil,france
30423,-12.971,-38.511,-22.744,-43.708,4,brazil,brazil
30465,-12.971,-38.511,44.97997,-93.26384,1,brazil,united states
30505,-12.971,-38.511,42.35843,-71.05977,1,brazil,united states
30518,-12.971,-38.511,41.66113,-91.53017,1,brazil,united states
30542,-12.971,-38.511,51.88921,0.90421,2,brazil,united kingdom
30585,-12.971,-38.511,48.78333,2.46667,1,brazil,france
30587,-12.971,-38.511,-22.404,-43.663,1,brazil,brazil
31553,-2.53,-44.303,-22.903,-43.208,2,brazil,brazil
31554,-2.53,-44.303,-23.548,-46.636,2,brazil,brazil
31561,-2.53,-44.303,-22.018,-47.891,1,brazil,brazil
31565,-2.53,-44.303,-22.906,-47.061,1,brazil,brazil
31581,-2.53,-44.303,-15.78,-47.93,1,brazil,brazil
31584,-2.53,-44.303,-5.795,-35.209,1,brazil,brazil
31591,-2.53,-44.303,-7.115,-34.863,1,brazil,brazil
31603,-2.53,-44.303,-1.456,-48.504,1,brazil,brazil
31648,-2.53,-44.303,-20.754,-42.882,1,brazil,brazil
31736,-2.53,-44.303,-22.731,-45.125,1,brazil,brazil
32181,-18.919,-48.277,-27.597,-48.549,1,brazil,brazil
32182,-18.919,-48.277,-25.428,-49.273,1,brazil,brazil
32185,-18.919,-48.277,-23.548,-46.636,1,brazil,brazil
32192,-18.919,-48.277,-22.018,-47.891,1,brazil,brazil
32201,-18.919,-48.277,-30.033,-51.23,1,brazil,brazil
32204,-18.919,-48.277,-23.463,-46.533,1,brazil,brazil
32208,-18.919,-48.277,-19.817,-43.956,4,brazil,brazil
32220,-18.919,-48.277,-21.764,-43.35,1,brazil,brazil
32234,-18.919,-48.277,-1.456,-48.504,1,brazil,brazil
32237,-18.919,-48.277,-21.178,-47.81,1,brazil,brazil
32307,-18.919,-48.277,-19.748,-47.932,1,brazil,brazil
32351,-18.919,-48.277,-22.426,-45.453,1,brazil,brazil
33443,-1.456,-48.504,-27.597,-48.549,1,brazil,brazil
33444,-1.456,-48.504,-25.428,-49.273,1,brazil,brazil
33446,-1.456,-48.504,-22.903,-43.208,3,brazil,brazil
33447,-1.456,-48.504,-23.548,-46.636,4,brazil,brazil
33455,-1.456,-48.504,-8.054,-34.881,2,brazil,brazil
33458,-1.456,-48.504,-22.906,-47.061,9,brazil,brazil
33463,-1.456,-48.504,-30.033,-51.23,1,brazil,brazil
33467,-1.456,-48.504,-31.772,-52.343,1,brazil,brazil
33470,-1.456,-48.504,-19.817,-43.956,1,brazil,brazil
33474,-1.456,-48.504,-15.78,-47.93,1,brazil,brazil
33477,-1.456,-48.504,-5.795,-35.209,1,brazil,brazil
33483,-1.456,-48.504,-3.102,-60.025,1,brazil,brazil
33485,-1.456,-48.504,-3.717,-38.543,1,brazil,brazil
33541,-1.456,-48.504,-20.754,-42.882,3,brazil,brazil
33578,-1.456,-48.504,-22.744,-43.708,1,brazil,brazil
33613,-1.456,-48.504,-22.426,-45.453,1,brazil,brazil
33642,-1.456,-48.504,42.03336,-87.73339,1,brazil,united states
34089,-22.411,-47.561,-22.906,-47.061,1,brazil,brazil
35019,-24.956,-53.455,39.96118,-82.99879,1,brazil,united states
35340,-21.178,-47.81,-23.548,-46.636,7,brazil,brazil
35347,-21.178,-47.81,-22.018,-47.891,1,brazil,brazil
35351,-21.178,-47.81,-22.906,-47.061,1,brazil,brazil
35364,-21.178,-47.81,-22.315,-49.061,4,brazil,brazil
35492,-21.178,-47.81,35.7721,-78.63861,1,brazil,united states
35498,-21.178,-47.81,46.81228,-71.21454,1,brazil,canada
35557,-21.178,-47.81,36.97412,-122.0308,1,brazil,united states
35560,-21.178,-47.81,-21.138,-48.973,1,brazil,brazil
36015,50.87959,4.70093,-12.971,-38.511,1,belgium,brazil
38492,-20.319,-40.338,-25.428,-49.273,1,brazil,brazil
38494,-20.319,-40.338,-22.903,-43.208,8,brazil,brazil
38495,-20.319,-40.338,-23.548,-46.636,3,brazil,brazil
38518,-20.319,-40.338,-19.817,-43.956,1,brazil,brazil
38522,-20.319,-40.338,-15.78,-47.93,1,brazil,brazil
38525,-20.319,-40.338,-5.795,-35.209,1,brazil,brazil
38533,-20.319,-40.338,-3.717,-38.543,2,brazil,brazil
38544,-20.319,-40.338,-1.456,-48.504,1,brazil,brazil
38561,-20.319,-40.338,-23.179,-45.887,2,brazil,brazil
38582,-20.319,-40.338,-21.245,-45,1,brazil,brazil
38589,-20.319,-40.338,-20.754,-42.882,2,brazil,brazil
38604,-20.319,-40.338,34.05223,-118.24368,1,brazil,united states
39122,-9.666,-35.735,-27.597,-48.549,1,brazil,brazil
39125,-9.666,-35.735,-22.903,-43.208,2,brazil,brazil
39126,-9.666,-35.735,-23.548,-46.636,1,brazil,brazil
39136,-9.666,-35.735,51.50853,-0.12574,1,brazil,united kingdom
39145,-9.666,-35.735,-23.463,-46.533,1,brazil,brazil
39164,-9.666,-35.735,-3.717,-38.543,1,brazil,brazil
39178,-9.666,-35.735,-21.178,-47.81,1,brazil,brazil
39388,-9.666,-35.735,32.22174,-110.92648,1,brazil,united states
40384,-26.919,-49.066,-27.597,-48.549,1,brazil,brazil
40385,-26.919,-49.066,-25.428,-49.273,1,brazil,brazil
40386,-26.919,-49.066,-26.908,-48.662,1,brazil,brazil
42281,-25.095,-50.162,-23.548,-46.636,1,brazil,brazil
42308,-25.095,-50.162,-15.78,-47.93,1,brazil,brazil
42332,-25.095,-50.162,-24.956,-53.455,1,brazil,brazil
42911,-32.035,-52.099,-22.903,-43.208,1,brazil,brazil
42912,-32.035,-52.099,-23.548,-46.636,1,brazil,brazil
42928,-32.035,-52.099,-30.033,-51.23,2,brazil,brazil
42931,-32.035,-52.099,-23.463,-46.533,1,brazil,brazil
42932,-32.035,-52.099,-31.772,-52.343,1,brazil,brazil
43048,-32.035,-52.099,-23.523,-46.188,1,brazil,brazil
43539,-15.596,-56.097,-27.597,-48.549,2,brazil,brazil
43540,-15.596,-56.097,-25.428,-49.273,2,brazil,brazil
43543,-15.596,-56.097,-23.548,-46.636,3,brazil,brazil
43566,-15.596,-56.097,-19.817,-43.956,1,brazil,brazil
43570,-15.596,-56.097,-15.78,-47.93,1,brazil,brazil
43579,-15.596,-56.097,-3.102,-60.025,2,brazil,brazil
43592,-15.596,-56.097,-1.456,-48.504,1,brazil,brazil
43637,-15.596,-56.097,-20.754,-42.882,2,brazil,brazil
44174,-23.179,-45.887,-23.548,-46.636,5,brazil,brazil
44184,-23.179,-45.887,51.50853,-0.12574,2,brazil,united kingdom
44185,-23.179,-45.887,-22.906,-47.061,2,brazil,brazil
44198,-23.179,-45.887,-22.315,-49.061,1,brazil,brazil
44322,-23.179,-45.887,43.60426,1.44367,1,brazil,france
44340,-23.179,-45.887,-22.426,-45.453,1,brazil,brazil
44401,-23.179,-45.887,53.38297,-1.4659,1,brazil,united kingdom
44418,-23.179,-45.887,37.44188,-122.14302,2,brazil,united states
44486,-23.179,-45.887,51.23536,-0.57427,1,brazil,united kingdom
44500,-23.179,-45.887,-1.682,-50.48,1,brazil,brazil
44805,-28.263,-52.407,-23.548,-46.636,1,brazil,brazil
44816,-28.263,-52.407,-22.906,-47.061,1,brazil,brazil
44820,-28.263,-52.407,-27.634,-52.274,1,brazil,brazil
44821,-28.263,-52.407,-30.033,-51.23,2,brazil,brazil
44825,-28.263,-52.407,-31.772,-52.343,1,brazil,brazil
44842,-28.263,-52.407,-7.115,-34.863,1,brazil,brazil
44943,-28.263,-52.407,41.89193,12.51133,1,brazil,italy
46697,-20.33,-40.292,-22.903,-43.208,1,brazil,brazil
46698,-20.33,-40.292,-23.548,-46.636,1,brazil,brazil
47367,-9.975,-67.81,-3.717,-38.543,1,brazil,brazil
49218,38.71667,-9.13333,-27.597,-48.549,1,portugal,brazil
49238,38.71667,-9.13333,-30.033,-51.23,1,portugal,brazil
51114,-11.015,-37.206,-22.903,-43.208,1,brazil,brazil
51115,-11.015,-37.206,-23.548,-46.636,2,brazil,brazil
51126,-11.015,-37.206,-22.906,-47.061,1,brazil,brazil
56195,35.6895,139.69171,-29.684,-53.807,1,japan,brazil
56257,35.6895,139.69171,-20.754,-42.882,1,japan,brazil
56294,35.6895,139.69171,-22.744,-43.708,1,japan,brazil
57424,-21.245,-45,-22.903,-43.208,1,brazil,brazil
57425,-21.245,-45,-23.548,-46.636,1,brazil,brazil
57519,-21.245,-45,-20.754,-42.882,7,brazil,brazil
58079,-29.918,-51.184,-19.817,-43.956,1,brazil,brazil
58703,-31.331,-54.107,-30.033,-51.23,1,brazil,brazil
59949,-21.429,-45.947,-23.548,-46.636,2,brazil,brazil
59968,-21.429,-45.947,-23.463,-46.533,1,brazil,brazil
60580,-23.694,-46.565,-23.548,-46.636,5,brazil,brazil
60604,-23.694,-46.565,-22.315,-49.061,1,brazil,brazil
61210,-20.443,-54.646,-22.903,-43.208,2,brazil,brazil
61222,-20.443,-54.646,-22.906,-47.061,1,brazil,brazil
61227,-20.443,-54.646,-30.033,-51.23,1,brazil,brazil
61230,-20.443,-54.646,-23.463,-46.533,1,brazil,brazil
61263,-20.443,-54.646,-21.178,-47.81,3,brazil,brazil
61842,-20.754,-42.882,-23.548,-46.636,3,brazil,brazil
61853,-20.754,-42.882,-22.906,-47.061,1,brazil,brazil
61854,-20.754,-42.882,51.45625,-0.97113,1,brazil,united kingdom
61862,-20.754,-42.882,-31.772,-52.343,1,brazil,brazil
61865,-20.754,-42.882,-19.817,-43.956,3,brazil,brazil
61866,-20.754,-42.882,-22.315,-49.061,1,brazil,brazil
61869,-20.754,-42.882,-15.78,-47.93,2,brazil,brazil
61873,-20.754,-42.882,40.4165,-3.70256,1,brazil,spain
61875,-20.754,-42.882,43.70011,-79.4163,2,brazil,canada
61878,-20.754,-42.882,-3.102,-60.025,1,brazil,brazil
61891,-20.754,-42.882,-1.456,-48.504,1,brazil,brazil
61908,-20.754,-42.882,-23.179,-45.887,1,brazil,brazil
61928,-20.754,-42.882,40.42587,-86.90807,2,brazil,united states
61943,-20.754,-42.882,29.65163,-82.32483,1,brazil,united states
62095,-20.754,-42.882,42.73698,-84.48387,1,brazil,united states
62193,-20.754,-42.882,50.90395,-1.40428,1,brazil,united kingdom
62197,-20.754,-42.882,37.22957,-80.41394,1,brazil,united states
62198,-20.754,-42.882,33.96095,-83.37794,1,brazil,united states
62239,-20.754,-42.882,33.45049,-88.81961,1,brazil,united states
63104,-22.214,-49.946,-23.548,-46.636,2,brazil,brazil
63115,-22.214,-49.946,-22.906,-47.061,1,brazil,brazil
63751,-28.388,-53.915,-30.033,-51.23,1,brazil,brazil
63802,-28.388,-53.915,-28.263,-52.407,1,brazil,brazil
66282,29.65163,-82.32483,-19.817,-43.956,1,united states,brazil
68151,-22.505,-43.179,-22.903,-43.208,2,brazil,brazil
70042,48.85341,2.3488,-25.428,-49.273,1,france,brazil
70045,48.85341,2.3488,-23.548,-46.636,2,france,brazil
70056,48.85341,2.3488,-22.906,-47.061,1,france,brazil
70069,48.85341,2.3488,-22.315,-49.061,1,france,brazil
70084,48.85341,2.3488,48.89198,2.20675,2,france,france
70187,48.85341,2.3488,45.40797,11.88586,1,france,italy
70206,48.85341,2.3488,37.87159,-122.27275,1,france,united states
70687,-33.03932,-71.62725,-22.906,-47.061,1,chile,brazil
71307,34.05223,-118.24368,-23.548,-46.636,1,united states,brazil
71938,41.38879,2.15899,-23.548,-46.636,1,spain,brazil
72244,41.38879,2.15899,43.06417,141.34695,1,spain,japan
74664,43.4668,-80.51639,40.48622,-74.45182,1,canada,united states
78879,32.84727,-117.2742,-23.548,-46.636,1,united states,brazil
79509,-19.748,-47.932,-22.903,-43.208,1,brazil,brazil
79510,-19.748,-47.932,-23.548,-46.636,1,brazil,brazil
79516,-19.748,-47.932,-16.679,-49.254,1,brazil,brazil
79529,-19.748,-47.932,-23.463,-46.533,1,brazil,brazil
79699,-19.748,-47.932,-34.61315,-58.37723,1,brazil,argentina
80197,39.16533,-86.52639,39.95233,-75.16379,1,united states,united states
83943,-29.678,-51.131,-30.033,-51.23,1,brazil,brazil
83994,-29.678,-51.131,-28.263,-52.407,1,brazil,brazil
84867,52.52437,13.41053,49.00937,8.40444,1,germany,germany
84912,52.52437,13.41053,50.73438,7.09549,1,germany,germany
85186,-22.744,-43.708,-25.428,-49.273,2,brazil,brazil
85188,-22.744,-43.708,-22.903,-43.208,7,brazil,brazil
85189,-22.744,-43.708,-23.548,-46.636,4,brazil,brazil
85200,-22.744,-43.708,-22.906,-47.061,3,brazil,brazil
85205,-22.744,-43.708,-30.033,-51.23,1,brazil,brazil
85212,-22.744,-43.708,-19.817,-43.956,2,brazil,brazil
85213,-22.744,-43.708,-22.315,-49.061,2,brazil,brazil
85225,-22.744,-43.708,-3.102,-60.025,1,brazil,brazil
85280,-22.744,-43.708,-21.429,-45.947,1,brazil,brazil
85283,-22.744,-43.708,-20.754,-42.882,1,brazil,brazil
85819,42.3751,-71.10561,-22.903,-43.208,1,united states,brazil
85820,42.3751,-71.10561,-23.548,-46.636,1,united states,brazil
86082,42.3751,-71.10561,32.22174,-110.92648,1,united states,united states
87098,55.95206,-3.19648,-30.033,-51.23,1,united kingdom,brazil
88343,-23.523,-46.188,-22.903,-43.208,1,brazil,brazil
88344,-23.523,-46.188,-23.548,-46.636,11,brazil,brazil
88355,-23.523,-46.188,-22.906,-47.061,1,brazil,brazil
88363,-23.523,-46.188,-23.463,-46.533,2,brazil,brazil
88371,-23.523,-46.188,-15.78,-47.93,1,brazil,brazil
88436,-23.523,-46.188,-23.694,-46.565,1,brazil,brazil
90260,-21.551,-45.43,-19.817,-43.956,1,brazil,brazil
91532,53.55014,-113.46871,43.70011,-79.4163,1,canada,canada
92130,45.40797,11.88586,-23.548,-46.636,1,italy,brazil
95952,43.60426,1.44367,-3.102,-60.025,1,france,brazil
98572,35.7721,-78.63861,42.3751,-71.10561,1,united states,united states
98657,35.7721,-78.63861,36.97412,-122.0308,1,united states,united states
99710,-5.089,-42.802,-8.054,-34.881,1,brazil,brazil
99713,-5.089,-42.802,-22.906,-47.061,1,brazil,brazil
99725,-5.089,-42.802,-19.817,-43.956,1,brazil,brazil
99754,-5.089,-42.802,-21.178,-47.81,1,brazil,brazil
99789,-5.089,-42.802,-21.245,-45,1,brazil,brazil
101000,0.039,-51.066,-3.102,-60.025,1,brazil,brazil
101747,39.29038,-76.61219,35.7721,-78.63861,1,united states,united states
102320,46.81228,-71.21454,-20.754,-42.882,1,canada,brazil
103094,42.44063,-76.49661,50.82838,-0.13947,1,united states,united kingdom
103662,32.60986,-85.48078,37.98869,-84.47772,1,united states,united states
104119,37.87159,-122.27275,-23.548,-46.636,2,united states,brazil
106020,-7.231,-35.881,-8.054,-34.881,2,brazil,brazil
106028,-7.231,-35.881,-30.033,-51.23,1,brazil,brazil
106035,-7.231,-35.881,-19.817,-43.956,1,brazil,brazil
106049,-7.231,-35.881,-7.115,-34.863,3,brazil,brazil
106139,-7.231,-35.881,53.48095,-2.23743,1,brazil,united kingdom
106647,40.64427,-8.64554,-22.883,-43.104,1,portugal,brazil
107273,-22.426,-45.453,-22.903,-43.208,1,brazil,brazil
107694,-22.426,-45.453,-22.23,-45.936,1,brazil,brazil
107935,-3.674,-40.239,-5.795,-35.209,1,brazil,brazil
111722,44.97997,-93.26384,40.4165,-3.70256,1,united states,spain
111827,44.97997,-93.26384,-23.523,-46.188,1,united states,brazil
111906,44.97997,-93.26384,47.60621,-122.33207,1,united states,united states
112953,43.07305,-89.40123,-23.548,-46.636,1,united states,brazil
114250,-21.136,-44.262,-21.764,-43.35,1,brazil,brazil
114843,-22.725,-47.649,-25.428,-49.273,1,brazil,brazil
114846,-22.725,-47.649,-23.548,-46.636,2,brazil,brazil
116307,30.43826,-84.28073,38.89511,-77.03637,1,united states,united states
116739,-23.961,-46.334,-23.548,-46.636,5,brazil,brazil
116745,-23.961,-46.334,-16.679,-49.254,1,brazil,brazil
116983,-23.961,-46.334,37.44188,-122.14302,1,brazil,united states
117536,-22.731,-45.125,-22.426,-45.453,1,brazil,brazil
118001,-23.664,-46.538,-23.548,-46.636,4,brazil,brazil
119283,38.54491,-121.74052,-31.772,-52.343,1,united states,brazil
119926,39.73915,-104.9847,-29.684,-53.807,1,united states,brazil
120525,-22.952,-46.542,-23.548,-46.636,1,brazil,brazil
120536,-22.952,-46.542,-22.906,-47.061,1,brazil,brazil
120706,-22.952,-46.542,-23.961,-46.334,1,brazil,brazil
121167,-20.82,-49.379,-22.906,-47.061,1,brazil,brazil
121263,-20.82,-49.379,48.85341,2.3488,1,brazil,france
121787,-34.61315,-58.37723,-23.548,-46.636,2,argentina,brazil
121798,-34.61315,-58.37723,-22.906,-47.061,1,argentina,brazil
121803,-34.61315,-58.37723,-30.033,-51.23,1,argentina,brazil
121818,-34.61315,-58.37723,40.4165,-3.70256,1,argentina,spain
121962,-34.61315,-58.37723,43.07305,-89.40123,1,argentina,united states
122484,-20.891,-47.585,-23.179,-45.887,1,brazil,brazil
124311,50.93333,6.95,-23.548,-46.636,1,germany,brazil
124941,-22.357,-47.384,-22.903,-43.208,1,brazil,brazil
125572,42.03336,-87.73339,-22.903,-43.208,1,united states,brazil
125573,42.03336,-87.73339,-23.548,-46.636,1,united states,brazil
125577,42.03336,-87.73339,-22.883,-43.104,1,united states,brazil
125929,42.03336,-87.73339,33.96095,-83.37794,1,united states,united states
128113,38.89511,-77.03637,-30.033,-51.23,1,united states,brazil
128272,38.89511,-77.03637,43.07305,-89.40123,1,united states,united states
130621,-23.026,-45.555,-23.548,-46.636,4,brazil,brazil
132522,48.93333,2.36667,-8.054,-34.881,1,france,brazil
132546,48.93333,2.36667,-29.684,-53.807,1,france,brazil
133156,-33.45694,-70.64827,-22.906,-47.061,1,chile,brazil
135688,51.75222,-1.25596,-23.463,-46.533,1,united kingdom,brazil
135763,51.75222,-1.25596,-20.754,-42.882,1,united kingdom,brazil
136017,51.75222,-1.25596,50.11552,8.68417,1,united kingdom,germany
136300,-23.543,-46.311,-23.548,-46.636,5,brazil,brazil
136311,-23.543,-46.311,-22.906,-47.061,1,brazil,brazil
136563,-23.543,-46.311,-23.623,-46.551,1,brazil,brazil
138193,47.60621,-122.33207,-23.548,-46.636,1,united states,brazil
139035,52.2,0.11667,51.75222,-1.25596,1,united kingdom,united kingdom
139054,52.2,0.11667,52.37052,9.73322,1,united kingdom,germany
140716,40.71427,-74.00597,-22.903,-43.208,1,united states,brazil
140727,40.71427,-74.00597,51.50853,-0.12574,1,united states,united kingdom
140928,40.71427,-74.00597,51.75222,-1.25596,1,united states,united kingdom
141348,-21.138,-48.973,-23.548,-46.636,3,brazil,brazil
141400,-21.138,-48.973,-21.178,-47.81,1,brazil,brazil
143240,42.27756,-83.74088,-22.903,-43.208,1,united states,brazil
143241,42.27756,-83.74088,-23.548,-46.636,1,united states,brazil
143473,42.27756,-83.74088,40.58526,-105.08442,1,united states,united states
145349,41.66113,-91.53017,47.60621,-122.33207,1,united states,united states
145351,41.66113,-91.53017,36.97412,-122.0308,1,united states,united states
145378,41.66113,-91.53017,37.44188,-122.14302,1,united states,united states
145962,53.38297,-1.4659,33.95335,-117.39616,1,united kingdom,united states
146396,-25.295,-54.094,-23.548,-46.636,1,brazil,brazil
146407,-25.295,-54.094,-22.906,-47.061,1,brazil,brazil
146419,-25.295,-54.094,-19.817,-43.956,1,brazil,brazil
147026,41.30815,-72.92816,-22.903,-43.208,1,united states,brazil
147037,41.30815,-72.92816,51.50853,-0.12574,1,united states,united kingdom
151466,48.58392,7.74553,-23.31,-51.163,1,france,brazil
152706,-22.886,-48.445,-23.548,-46.636,1,brazil,brazil
152717,-22.886,-48.445,-22.906,-47.061,1,brazil,brazil
152730,-22.886,-48.445,-22.315,-49.061,1,brazil,brazil
153348,41.52519,-88.0834,-22.906,-47.061,1,united states,brazil
155991,49.40768,8.69079,52.52437,13.41053,1,germany,germany
156492,37.44188,-122.14302,-23.548,-46.636,1,united states,brazil
160278,51.88921,0.90421,-23.548,-46.636,1,united kingdom,brazil
160342,51.88921,0.90421,-32.035,-52.099,1,united kingdom,brazil
162332,42.73698,-84.48387,37.87159,-122.27275,1,united states,united states
167219,-21.596,-46.889,-23.548,-46.636,1,brazil,brazil
168481,-23.623,-46.551,-23.548,-46.636,5,brazil,brazil
168498,-23.623,-46.551,52.48142,-1.89983,1,brazil,united kingdom
169112,-20.557,-48.568,-23.548,-46.636,1,brazil,brazil
169766,48.76507,2.26655,-19.817,-43.956,1,france,brazil
170374,-12.04318,-77.02824,-23.548,-46.636,1,peru,brazil
173573,-12.267,-38.967,-12.971,-38.511,1,brazil,brazil
179839,36.16589,-86.78444,-23.548,-46.636,2,united states,brazil
179850,36.16589,-86.78444,-22.906,-47.061,1,united states,brazil
182579,37.18817,-3.60667,52.2,0.11667,1,spain,united kingdom
186149,-23.186,-46.884,-23.548,-46.636,3,brazil,brazil
186160,-23.186,-46.884,-22.906,-47.061,2,brazil,brazil
187518,48.78333,2.46667,48.85341,2.3488,1,france,france
188041,-21.996,-47.426,-22.903,-43.208,1,brazil,brazil
190057,-20.339,-47.781,-19.748,-47.932,1,brazil,brazil
193106,-7.114,-34.978,-30.033,-51.23,1,brazil,brazil
194994,-34.92145,-57.95453,-22.906,-47.061,1,argentina,brazil
198138,39.96118,-82.99879,-23.548,-46.636,1,united states,brazil
200042,43.04812,-76.14742,-22.906,-47.061,1,united states,brazil
201304,42.41843,-71.10616,-22.906,-47.061,1,united states,brazil
204228,46.58333,0.33333,48.77644,2.29026,1,france,france
226248,50.73438,7.09549,47.9959,7.85222,1,germany,germany
227378,33.96095,-83.37794,33.749,-84.38798,1,united states,united states
228028,42.97839,-78.79976,42.03471,-93.61994,1,united states,united states
229073,48.81568,2.38487,-30.033,-51.23,1,france,brazil
230316,-38.71959,-62.27243,-25.428,-49.273,1,argentina,brazil
235366,38.97167,-95.23525,-22.903,-43.208,1,united states,brazil
244832,-21.679,-49.743,-23.548,-46.636,1,brazil,brazil
244856,-21.679,-49.743,-22.315,-49.061,1,brazil,brazil
246752,48.18333,6.45,-15.78,-47.93,1,france,brazil
251174,-28.639,-53.606,-29.684,-53.807,1,brazil,brazil
254994,-22.523,-44.104,-23.179,-45.887,1,brazil,brazil
265654,-7.024,-37.28,-22.903,-43.208,1,brazil,brazil
268393,53.57532,10.01534,33.749,-84.38798,1,germany,united states
268432,53.57532,10.01534,42.73698,-84.48387,1,germany,united states
270356,43.36029,-5.84476,41.65518,-4.72372,1,spain,spain
275751,-22.246,-43.7,-23.548,-46.636,1,brazil,brazil
276382,-23.11,-50.368,-23.548,-46.636,1,brazil,brazil
276409,-23.11,-50.368,-15.78,-47.93,1,brazil,brazil
278906,-23.006,-46.839,-23.548,-46.636,1,brazil,brazil
280167,-21.131,-42.366,-22.903,-43.208,1,brazil,brazil
287740,43.63276,1.39399,-23.548,-46.636,1,france,brazil
288502,-15.934,-50.14,-22.744,-43.708,1,brazil,brazil
348984,-6.89,-38.562,-7.115,-34.863,1,brazil,brazil
361594,-20.773,-49.714,-15.78,-47.93,1,brazil,brazil
